Temperature (Â°C),Rainfall (mm),Humidity (%),Soil Type,Weather Condition,Crop Type,Yield (tons/hectare)
22.49080237694725,185.13292883861965,53.0852841867953,Sandy,Sunny,Barley,2.8189366766656745
34.01428612819832,541.9009473783582,52.348939953599995,Loamy,Sunny,Corn,8.014166301463824
29.6398788362281,872.9458358764083,85.31272902605184,Peaty,Rainy,Wheat,9.24986815548111
26.973169683940732,732.2248864095612,52.477309992475305,Sandy,Sunny,Soybeans,7.947481391649555
18.12037280884873,806.5611478614497,53.59748630643155,Clay,Stormy,Barley,6.262616299211154
18.119890406724053,658.7833667107174,77.96991312089818,Sandy,Rainy,Soybeans,8.885342574311082
16.161672243363988,692.2765645178524,62.486992122527,Sandy,Sunny,Wheat,7.55934703825206
32.3235229154987,849.1956515653193,78.83552784775907,Clay,Rainy,Corn,2.084408979601519
27.022300234864176,249.66800885918593,43.26830787821926,Silty,Cloudy,Soybeans,5.152721222196025
29.16145155592091,489.4249636431405,64.37855968366921,Silty,Rainy,Rice,8.8076151952544
15.411689885916049,221.20944181960223,41.680680009164135,Loamy,Rainy,Barley,4.766870863802154
34.39819704323989,987.668007996647,43.13266017276773,Loamy,Cloudy,Soybeans,2.281721388204188
31.648852816008436,944.0593396866133,85.32187266722055,Silty,Stormy,Barley,7.9694371084181785
19.246782213565524,39.426811368505895,46.96226855587976,Peaty,Sunny,Rice,8.416306162262948
18.636499344142013,705.5751725156885,66.62103411376086,Sandy,Cloudy,Corn,3.2847495603464685
18.668090197068675,925.2483174156658,60.554780130035326,Peaty,Rainy,Corn,6.2987239747454495
21.084844859190753,180.57534512733352,57.36716631294213,Sandy,Sunny,Rice,3.535643511965806
25.495128632644757,567.9452305526295,84.99166728436361,Silty,Cloudy,Barley,7.753875352353174
23.638900372842315,915.4882975880419,41.091169838774476,Loamy,Sunny,Soybeans,4.172403641419885
20.824582803960837,33.94597858579884,73.18948430877946,Loamy,Sunny,Rice,4.5297209805066405
27.237057894447588,697.4202672468399,88.16972171067752,Peaty,Cloudy,Wheat,8.75976682912081
17.789877213040835,297.3490073725508,68.0084091730921,Loamy,Sunny,Barley,5.810578817655235
20.842892970704362,924.3961953765304,86.84112310165459,Silty,Stormy,Corn,7.358035609745983
22.327236865873836,971.0582451653678,42.612893964301186,Peaty,Cloudy,Rice,5.218984405779741
24.12139968434072,944.2664891134339,60.93966595370807,Sandy,Stormy,Corn,4.384054857550043
30.703519227860273,474.2142166574638,53.007889548102554,Loamy,Rainy,Barley,7.003824483397291
18.993475643167194,862.0426509893134,76.54104824903649,Clay,Sunny,Corn,3.2388605926305702
25.284688768272233,844.5493985350704,89.06485452486234,Loamy,Rainy,Rice,4.983998684534904
26.848291377240848,319.10047324325564,52.82650312221239,Sandy,Rainy,Barley,3.672296299087378
15.929008254399955,828.9154741506774,72.70873007370372,Peaty,Sunny,Wheat,7.566359735525964
27.150897038028766,37.00763471549262,49.904881637987,Sandy,Cloudy,Rice,9.55367070676886
18.41048247374583,596.2698784820531,68.2665127285805,Clay,Sunny,Soybeans,9.964087744126932
16.30103185970559,230.00883728770305,63.19662433441681,Silty,Rainy,Rice,5.602214483532726
33.977710745066666,120.56688577727881,88.60026648157685,Loamy,Rainy,Barley,4.020243117091556
34.31264066149119,76.95320162920916,70.42636363482333,Peaty,Cloudy,Rice,5.542634963074593
31.16794696232922,696.2887758781397,57.47531860434094,Silty,Sunny,Wheat,8.77815527970179
21.092275383467413,339.87496376806615,45.704789244396665,Sandy,Rainy,Wheat,3.648045428416319
16.95344228012768,724.7667715287614,47.56234143674673,Peaty,Stormy,Soybeans,9.61676521322339
28.684660530243136,65.35634079894237,51.26584649756175,Silty,Rainy,Corn,4.734926150385208
23.803049874792027,315.2903378306103,52.5483330670149,Peaty,Rainy,Barley,9.886429275602438
17.440764696895577,539.4912923753373,82.5308028920569,Clay,Cloudy,Barley,8.708871100271697
24.903538202225405,790.7231648389635,68.06113941412625,Clay,Stormy,Corn,8.468564273179123
15.687770422304368,318.7525029320699,66.16954556871832,Loamy,Rainy,Wheat,4.543237390186269
33.186408041575646,625.8913764370091,45.73844359346087,Loamy,Rainy,Wheat,2.0702176955834357
20.17559963200034,885.9777482361872,83.00698466747176,Clay,Stormy,Rice,5.057063270607903
28.25044568707964,615.8631881823046,76.14071516042418,Peaty,Sunny,Soybeans,4.414474957301549
21.23422152178822,232.95947475363377,43.38341809500008,Clay,Sunny,Soybeans,2.2991759232703783
25.401360423556216,24.40078155653802,75.39175486148844,Loamy,Rainy,Soybeans,6.042922052047437
25.934205586865595,870.0988739009299,67.1769108671323,Clay,Rainy,Rice,5.224250490261893
18.69708911051054,21.26941085038714,44.08626728733891,Clay,Sunny,Soybeans,7.076451741932198
34.39169255529117,874.7016726841994,62.91503207643282,Peaty,Cloudy,Corn,6.969490577552666
30.50265646722229,528.937134027212,64.23481435650234,Silty,Stormy,Rice,2.965973087173441
33.78997883128378,939.0676985128962,48.28872700816379,Loamy,Stormy,Corn,9.81572436901298
32.89654700855297,798.7832357736654,87.28490735001412,Peaty,Cloudy,Rice,3.4954514355315753
26.957999576221702,997.9341105333375,82.4987685740331,Clay,Cloudy,Soybeans,5.5621921981176365
33.437484700462335,350.71181545171015,73.45111686645541,Clay,Cloudy,Corn,5.904940347469879
16.76985004103839,767.1882889311269,63.11477805003036,Silty,Cloudy,Corn,8.50450237771296
18.919657248382904,401.93091360924217,60.58827707922542,Loamy,Cloudy,Corn,2.793836768757174
15.90454577821076,479.8756203039088,72.5486733575477,Loamy,Cloudy,Rice,5.429154233668254
21.506606615265287,627.5054632183701,67.27159347034527,Sandy,Stormy,Barley,7.028017361889631
22.77354579378964,873.6771141863387,43.11365529409428,Loamy,Cloudy,Soybeans,3.7212449729924444
20.426980635477918,984.0834691992951,65.62513243851659,Silty,Sunny,Corn,7.019743190128582
31.57475018303859,768.2734138645181,80.32018086164197,Sandy,Cloudy,Barley,9.389318700397222
22.135066533871786,417.76678216733376,62.9619938798479,Sandy,Cloudy,Soybeans,9.980145049381399
20.618690193747614,421.3570022770702,42.59782887771342,Clay,Stormy,Soybeans,2.2596086143254057
25.853921663164968,737.5823015888915,79.31390996920166,Clay,Stormy,Corn,3.88470582595742
17.818484499495252,238.77714576830235,50.06818910679872,Loamy,Cloudy,Corn,4.48245692633358
31.043939615080795,110.47411313139466,52.93104174440194,Sandy,Stormy,Rice,5.193008803559729
16.491012873595416,354.62215764077655,48.235317671614794,Clay,Rainy,Barley,3.938057260678139
34.73773873201034,287.23899165408176,56.51075324357488,Silty,Stormy,Barley,3.6279039564425
30.444895385933147,296.3081204559901,77.83757528443175,Clay,Stormy,Corn,9.63643073934
18.974313630683447,233.60775104990995,65.96929297519686,Clay,Stormy,Soybeans,9.348172822164143
15.110442342472048,42.093189636361885,50.24406370753563,Sandy,Stormy,Corn,2.3759400080249398
31.309228569096682,17.87393473341381,83.89150390760204,Sandy,Sunny,Soybeans,4.710504172838785
29.137146876952343,987.7223897360316,83.97909274757646,Peaty,Sunny,Soybeans,5.241188429427253
29.580143360819747,427.77313373586236,83.52892125230034,Silty,Sunny,Corn,3.912116277327547
30.425406933718914,384.32664715968167,51.93981056907697,Sandy,Cloudy,Wheat,7.030983175905404
16.480893034681806,679.6472826930699,62.561967209049406,Loamy,Cloudy,Barley,7.123045973153928
22.169314570885454,218.25388786506417,89.24948280704376,Silty,Rainy,Soybeans,8.804033826628777
17.317381190502594,949.9611839502253,78.60062381549952,Silty,Sunny,Soybeans,7.926954147081743
32.26206851751187,786.3450144155521,41.35837106127799,Sandy,Cloudy,Wheat,6.340586615727645
27.46596253655116,89.41100231225951,43.2602295630246,Silty,Stormy,Rice,7.228694160355359
21.617960497052984,417.58077578492833,63.196568840616635,Sandy,Stormy,Wheat,4.191910252344145
16.27116700572047,879.1183075621647,85.461010293078,Clay,Sunny,Wheat,6.744449519738861
21.219646434313244,944.7320222914103,66.93508989763572,Peaty,Rainy,Soybeans,5.913818037999354
21.503666440534943,467.4015112498697,64.89062540171452,Clay,Rainy,Barley,3.066755738530963
29.59212356676128,613.4113892107077,45.27368499783153,Sandy,Stormy,Wheat,3.940354212663766
27.751149427104263,167.0339460920752,72.8390052362147,Sandy,Rainy,Rice,4.333547605772688
32.744254851526534,991.1686261369765,81.10515803001127,Clay,Sunny,Corn,9.394476536420463
24.444298503238986,231.6717013834434,59.021000375378115,Loamy,Stormy,Wheat,3.8430931150871155
17.391884918766035,942.7317741351256,78.78059254626638,Loamy,Cloudy,Wheat,4.313951222557345
29.2648957444599,649.6466489923685,88.22383269504058,Loamy,Cloudy,Rice,4.954833040715458
30.21570097233795,607.7367948788591,50.188322956384454,Sandy,Rainy,Barley,7.309941909003096
26.225543951389923,512.6885110165086,66.16648155973706,Silty,Stormy,Wheat,2.945907139777124
30.41934359909122,230.66981171775868,54.356897904228774,Sandy,Stormy,Wheat,9.631561699950208
24.875911927287817,176.52803200550827,79.64272095169197,Silty,Cloudy,Barley,8.924569760758116
25.45465658763988,220.48620907017536,68.87966829405788,Clay,Stormy,Rice,6.617728584071601
23.550820367170992,186.4382621442545,71.72912087751519,Peaty,Stormy,Wheat,7.392302939399654
15.508382534881903,779.5844735667533,79.8957079807947,Silty,Stormy,Barley,2.133283769953728
17.157828539866088,350.1252591667301,59.79852363312274,Loamy,Rainy,Wheat,4.7115582027875895
15.628583713734685,57.84267656339637,85.75450342035217,Sandy,Stormy,Corn,8.365281845291536
27.72820822527561,969.1026301408114,66.65144336230699,Clay,Sunny,Soybeans,2.619863790339087
21.287119621526536,883.7858849634257,47.8977411417674,Loamy,Rainy,Corn,4.258510673685762
25.171413823294056,927.752283195213,74.79495590844013,Clay,Stormy,Wheat,6.68237462667449
33.15132947852186,994.9078226464353,79.66306752191272,Peaty,Stormy,Rice,4.0513042215915345
19.9858445829775,173.89524921948728,55.83808385337633,Sandy,Sunny,Soybeans,9.471823793156155
23.207658460712594,396.24201890265874,82.85896284993765,Sandy,Rainy,Corn,3.048469046434323
30.111022770860973,758.2384757040913,85.30716273828833,Peaty,Cloudy,Barley,8.37915486326223
19.57596330983245,696.0206180537922,53.84522436889045,Sandy,Cloudy,Rice,6.063589535251266
16.53959819657586,153.89590633985506,89.1760736357611,Silty,Rainy,Corn,8.002646206559648
20.79502905827536,815.8331249906178,47.03557640243792,Clay,Stormy,Barley,4.4857226264915795
18.22442574508009,224.44057183666067,50.1007834201245,Loamy,Stormy,Wheat,6.11591681849631
33.59395304685146,223.81761482262309,49.21124196190131,Peaty,Cloudy,Barley,8.854682797785411
31.16240759128834,536.9744228934136,84.69948550039352,Silty,Cloudy,Corn,5.735024792984835
27.66807513020847,592.9399348417031,72.7146276162481,Loamy,Cloudy,Corn,4.877758895282157
32.429211803754356,580.0862078378112,47.60521416111364,Loamy,Sunny,Wheat,6.2892430900218885
31.07344153798229,91.48683739775487,62.016170918417444,Peaty,Cloudy,Barley,7.738902024290935
18.731401177720716,877.4608626303803,70.76490125349011,Silty,Sunny,Barley,5.548506763988022
32.85117996979956,265.60004258870606,44.173204249469165,Loamy,Rainy,Wheat,9.511015801138184
25.786844838313016,129.51492128280418,84.12081842036693,Loamy,Stormy,Barley,4.359566592338736
31.14880310328125,888.7480798689772,80.18017677207675,Silty,Cloudy,Wheat,5.803708849352963
32.92182599846986,955.6514982297533,65.26033867883191,Sandy,Stormy,Rice,8.055421274731533
21.360069499437277,862.1276172654506,88.35633076295852,Loamy,Stormy,Corn,7.512968723966066
17.201038490553536,809.5160747248781,60.88804896375498,Clay,Cloudy,Rice,8.90912841933725
19.558703250838832,655.2419806390217,89.20551595182489,Silty,Cloudy,Soybeans,9.974473445448872
23.542155772525128,550.8573706091393,73.39599994018135,Loamy,Rainy,Soybeans,5.4148666303607165
31.36029531844986,86.98675991141013,71.73356366269707,Peaty,Sunny,Soybeans,2.8892070382664947
32.21461166512687,408.4532130706987,48.29774476478925,Clay,Sunny,Wheat,2.243327046463744
15.139042610623815,372.688517012314,84.0963879152322,Loamy,Stormy,Barley,7.815015249118173
25.214946051551316,259.7537837603262,61.37448439603076,Clay,Cloudy,Rice,8.992109370469725
23.348220062975578,723.4201136885849,48.111670289123964,Clay,Rainy,Rice,3.7657006875553494
19.442156209414605,495.8757350787708,40.630375998787954,Sandy,Rainy,Rice,3.2675842975192477
17.397307346673657,81.04621590764793,67.98778418191912,Clay,Rainy,Rice,2.497640732205528
21.75230342807256,220.18320194981135,66.36998110613382,Sandy,Rainy,Soybeans,8.581623373737651
33.858194078250385,683.258763659596,75.96768111845793,Silty,Rainy,Rice,4.491055519140675
21.464058640415104,76.13085949030018,84.51290265089011,Sandy,Sunny,Barley,5.213575142078212
25.37581243486732,851.2069140487687,43.97032923215148,Peaty,Sunny,Soybeans,6.0220015328768985
29.060379177903556,495.1465270139743,76.57482451701811,Loamy,Sunny,Rice,8.715625873676405
22.27259204758588,480.586577326648,49.37059720487911,Silty,Cloudy,Wheat,7.2066657724918795
34.435641654419214,592.4077846595176,82.9088526578582,Silty,Stormy,Corn,6.92051703886249
34.24894589884222,824.6809659251492,80.95317569308281,Peaty,Rainy,Corn,3.4053767996472857
20.035645916507285,347.80920790219307,67.03968774927722,Sandy,Cloudy,Corn,6.105519133678638
24.94497011784771,678.0161525590636,75.51213993116558,Loamy,Rainy,Soybeans,7.723048137429242
21.017566196335395,565.731963995791,55.717505659187424,Sandy,Sunny,Rice,9.786087064243933
20.696809887549353,267.0282701694213,63.55839494664073,Clay,Cloudy,Soybeans,3.611250473706818
15.737738947090655,878.6299863551579,81.08184488552358,Sandy,Sunny,Barley,2.076346824537813
27.191286679597937,797.4260216069281,62.96325985866069,Silty,Rainy,Wheat,2.602411468787758
25.05358046457723,658.4518346584255,57.88991326627209,Loamy,Rainy,Wheat,5.006819721455834
16.029575024999787,850.581729094242,64.710622362515,Sandy,Stormy,Corn,8.564357181967896
20.57292928473223,867.2942009598023,81.41246262186093,Loamy,Rainy,Corn,2.0571366541459604
33.165317719333075,708.3629767150347,56.76040236854364,Loamy,Sunny,Corn,5.653844743086722
19.79123781333945,837.013328363672,48.68807965678719,Clay,Rainy,Rice,4.633844922731156
17.897897441824462,697.4714616692836,75.60070101653903,Clay,Stormy,Barley,2.4198536807978206
24.78905520555126,680.1407717603004,81.2989106354041,Silty,Stormy,Barley,5.601890293380938
34.71300908221201,618.6113782151843,45.031873926176665,Peaty,Sunny,Barley,4.037989658693751
19.84110543023001,752.7166395576412,51.993705637797234,Loamy,Cloudy,Barley,4.815078674776052
28.442710948117572,158.6051052930737,47.09859948804969,Peaty,Rainy,Corn,7.644922438274344
30.23239230657435,880.8707591989285,57.39707057910833,Silty,Stormy,Wheat,6.172407871287737
19.752750879847994,871.843527745232,62.51754894527063,Loamy,Rainy,Corn,2.9971794319425067
29.56432697223719,29.247283034559146,77.44131684816531,Loamy,Rainy,Barley,9.691316323389113
22.355662654385064,825.8167505647626,72.5573792440837,Peaty,Cloudy,Corn,7.087286125677907
27.64611661187159,128.8698674734452,71.04642837392156,Sandy,Stormy,Barley,8.126947405300253
27.670594215217896,335.11885425914187,57.61874733048272,Clay,Rainy,Soybeans,2.6337052000669665
25.71549368149517,743.5082562916077,82.072377654238,Sandy,Stormy,Wheat,2.376467035680151
16.805795401088165,160.7598960483082,63.56435836990823,Peaty,Sunny,Soybeans,2.1555844029446494
31.70604991178476,817.9670241190622,88.95524690075773,Clay,Sunny,Rice,3.5103522221875556
21.415601299434716,832.1341779577419,71.70710691478683,Sandy,Rainy,Corn,5.315267181747961
18.730370207997083,507.4677337608362,46.313237078225136,Clay,Stormy,Rice,9.486609067222583
15.815502831095278,6.38587171683358,73.80887810377169,Loamy,Rainy,Corn,5.65647727412621
26.817858863764837,287.0381331749128,56.25520077158495,Sandy,Stormy,Soybeans,4.322040842980235
28.55128723684565,616.9269183757422,74.31635983430488,Clay,Stormy,Barley,6.495482028157307
15.331756578557123,981.1861780274235,43.48205740812028,Clay,Cloudy,Barley,2.895476625078314
25.24186116598562,631.8135270166683,48.744071858797966,Clay,Cloudy,Corn,6.876047128039866
19.529915503958758,259.8035810641598,82.78686294528931,Sandy,Cloudy,Barley,6.5474556346440265
27.903455808188998,634.0057030996113,51.358977851175744,Silty,Rainy,Soybeans,8.335944267245678
18.487328580099827,539.9853797158555,81.852056262147,Sandy,Cloudy,Barley,9.893500892936192
28.81875476204932,779.8453951511436,53.96380442272052,Peaty,Cloudy,Soybeans,4.006987773728884
22.734706926010748,106.98063882695841,72.14409550293539,Sandy,Sunny,Rice,6.077251606430085
33.73459977473469,761.027902502028,74.70752867549155,Clay,Stormy,Soybeans,9.270923250552029
17.750418882919867,541.2665786761103,65.63273765725265,Loamy,Stormy,Wheat,8.28151907538273
21.82132702100517,962.9920038589946,55.26553383483656,Sandy,Cloudy,Wheat,5.899250424806461
17.269470424811782,341.8721660386861,50.632218818554804,Sandy,Stormy,Wheat,9.562973196918222
33.49387236557126,632.6218931339481,41.659467728121314,Clay,Sunny,Corn,2.457893548134475
32.54678706761962,932.0281055100174,55.19732006203619,Loamy,Sunny,Corn,9.447988957700673
20.15883255430311,102.50972799067925,72.65813952656416,Loamy,Cloudy,Corn,2.4040591390624524
28.19968092068358,937.2284872364511,86.91524092242413,Peaty,Sunny,Soybeans,6.378437952917475
31.344444004024318,687.8857223008133,83.5602241131526,Sandy,Stormy,Corn,9.123527584008686
26.10401623198925,67.8370591051719,78.30323882676512,Loamy,Rainy,Rice,4.101767548490423
25.59301156712013,300.96356694681623,79.42236716266493,Loamy,Stormy,Wheat,5.777987991561268
19.837045818009035,708.1720886452816,73.24924517379976,Silty,Rainy,Soybeans,4.594631033095733
16.862055356117985,67.3506014687717,53.01434287830015,Silty,Cloudy,Wheat,9.61715133661081
32.944315159066534,582.1704601762733,85.3597515352915,Loamy,Rainy,Corn,8.589164758024726
33.00836114326661,345.88305695295674,73.53661559529169,Peaty,Sunny,Soybeans,7.6720120906110365
27.66202914546536,620.9155177674771,68.02203154902199,Loamy,Stormy,Barley,6.70101589292087
21.780595820974014,45.74203381251285,45.54947346067405,Clay,Rainy,Rice,8.564734314593185
21.984191492253217,871.5368061523762,62.35277719032127,Sandy,Stormy,Corn,5.138136332188377
29.519113577404788,973.4889691773969,63.01791356009632,Peaty,Cloudy,Corn,5.580414840848495
32.94220519905154,968.8778552856915,83.2281804761335,Clay,Cloudy,Rice,7.840013768646892
32.741728485302346,749.6518317429247,67.33241100938943,Peaty,Sunny,Rice,4.862038106349714
30.597510917152476,130.08624013063198,59.02002744852048,Clay,Cloudy,Barley,2.5112075363869906
27.840632923085757,758.2631959290226,88.84001642553297,Sandy,Rainy,Corn,2.5946768710885717
16.682799299900978,24.58691645880151,45.536029666315784,Sandy,Cloudy,Corn,2.922902410445631
18.232574281892276,22.123551528997254,61.127421415597226,Silty,Sunny,Wheat,8.957450586749303
32.97108377054158,323.61021914954125,42.10123375857027,Clay,Stormy,Soybeans,5.777811406049635
27.1285811931918,488.64319040466575,76.99520603834651,Silty,Stormy,Soybeans,7.703058954757892
15.183941032332593,770.4074178077932,85.90382760995753,Clay,Cloudy,Wheat,5.143274684839146
17.02943085732064,683.2953766065052,54.00186647752447,Silty,Rainy,Soybeans,4.069687579325076
28.270035382161115,445.9027063767483,82.91708383995604,Sandy,Sunny,Rice,4.7775373404976955
15.101231676924375,273.62666628166585,54.610911523094885,Peaty,Rainy,Soybeans,8.353458762537468
18.216161028349973,997.1245001577112,85.53850808219576,Silty,Sunny,Soybeans,7.001729000251506
25.974675787331723,426.18130223597296,77.6980951798392,Clay,Cloudy,Wheat,9.501118239663217
28.837903953853864,451.38702432967546,80.24533884207193,Clay,Sunny,Barley,7.437638228614672
28.03922519005201,163.62382119166918,40.90032778002273,Sandy,Sunny,Soybeans,6.5614530540375515
19.485386189211198,794.8095487499294,88.1405178537013,Clay,Cloudy,Soybeans,6.881568071886676
29.24358442695072,693.6822257814887,76.33354960351616,Loamy,Rainy,Barley,9.538971515747317
19.744981749936002,220.76961278876038,55.23755476930667,Peaty,Cloudy,Wheat,8.305607438933649
21.507993963185356,82.3810456158427,81.46973324294234,Silty,Sunny,Barley,2.1923298989315025
29.92982810236048,680.4993020747131,54.0760599207465,Peaty,Cloudy,Wheat,6.273117569085578
27.992657980944294,654.5112142811353,83.6376919783064,Sandy,Sunny,Rice,7.506707292372519
31.98446820988356,273.2595269982093,45.62901952059685,Silty,Cloudy,Wheat,7.98958782751324
28.15225784600687,950.8635622504104,75.18429887303978,Silty,Stormy,Rice,3.7051369545114934
26.36617206670943,151.05789178090023,67.03492383224551,Loamy,Stormy,Rice,8.937418835610817
16.87349535656185,432.3348010426019,44.82672350977204,Sandy,Cloudy,Wheat,9.64674517740131
22.35431606118867,943.6159201675989,52.09469141294195,Clay,Rainy,Corn,3.893722446758958
20.30404735363451,419.7273169261223,40.62020181386574,Loamy,Sunny,Wheat,9.060923660137966
19.87979286758167,638.5259476640855,63.43839827322529,Loamy,Stormy,Soybeans,2.775830100128763
34.46021109504891,397.5943979627943,55.06326303800002,Peaty,Rainy,Soybeans,2.4456546889219615
22.861954493335208,274.21520234867,69.91787421488795,Peaty,Sunny,Corn,3.033790400821995
32.84093110354227,983.9776479598282,54.86189038543086,Peaty,Stormy,Rice,2.461928635736288
27.622772519945258,409.33400631504304,54.995955575349235,Loamy,Stormy,Corn,8.760097897246208
30.896226070832967,894.0992036791345,77.15965993658017,Clay,Cloudy,Soybeans,2.4724011556661756
25.052741862103844,229.95460589108617,42.40714179891767,Silty,Sunny,Corn,4.173313530909244
26.53807769252718,213.1047040250833,85.14474975959936,Peaty,Rainy,Wheat,2.830050748286851
24.850353876377277,31.13408288451136,82.61319371955906,Clay,Rainy,Corn,4.36337629051012
18.90485975596089,651.6668253758851,73.39023416132034,Sandy,Rainy,Rice,2.724475740807364
29.44904230523011,368.52634372376116,69.66107850536922,Peaty,Sunny,Wheat,7.344026005944112
20.615447248817116,864.3582498396371,84.61512490698262,Silty,Rainy,Barley,3.066614530740601
15.486319328629076,473.20990669155714,49.26650897643572,Sandy,Rainy,Soybeans,8.814767406711102
27.909445918143355,968.1934279147217,43.948458109541434,Sandy,Rainy,Soybeans,8.537528405813127
18.542213588140978,185.52551570312116,51.9755084954769,Silty,Cloudy,Corn,2.1092934837648754
33.80917168705828,868.6231679556108,79.72891393500952,Peaty,Cloudy,Wheat,9.165810844120916
34.07857154005175,776.5968527917418,41.733513336324165,Loamy,Sunny,Barley,2.2315545339469365
33.29728780440897,770.921844644052,69.14034175417449,Silty,Sunny,Wheat,3.917166279660453
22.403174005108887,844.7832281168877,89.7718758095655,Silty,Rainy,Soybeans,2.2591131022079605
15.309132330577349,761.0239909429989,82.78480469187697,Silty,Cloudy,Wheat,4.686747896314528
33.566371251754504,626.2203216314153,66.07228445217947,Sandy,Stormy,Barley,6.110932205706173
23.563682966346285,131.24487768238757,43.18204546433212,Clay,Stormy,Corn,8.373158952121106
34.33309638087339,32.526179491251916,81.5686757192855,Loamy,Rainy,Rice,4.703852403758689
34.272399541785056,920.8478478156868,69.94892540886053,Peaty,Rainy,Wheat,7.643920197384934
32.060189109347206,616.650314520738,45.746649852978344,Peaty,Cloudy,Rice,3.5000356569518427
20.888977841391714,796.5372909761763,44.69286424116781,Clay,Cloudy,Soybeans,8.004787653953011
22.701954572038506,481.5223515125501,85.48134097182961,Silty,Cloudy,Corn,3.8879728472739004
32.02273343033714,117.30818896239448,73.46001314690392,Loamy,Sunny,Corn,3.1483580475501434
21.338440103125553,125.18579220255045,81.46433996583778,Peaty,Sunny,Wheat,3.4832708029924344
18.38985493372185,685.5652872289713,83.94894501411336,Peaty,Rainy,Corn,3.456505031054843
26.136025249167005,430.3058948994627,68.58861760241611,Silty,Sunny,Wheat,6.102903035015929
33.723095483215616,200.5247267003367,65.87231758775206,Clay,Cloudy,Wheat,8.758380649505169
28.92059593349946,491.5945467414369,61.52137051604951,Loamy,Cloudy,Rice,2.636840615940045
26.4012234017873,64.20893707513409,55.847329389555966,Clay,Sunny,Corn,7.655650547947381
16.943529875415372,581.9714019143988,61.729798042935585,Clay,Stormy,Wheat,7.234771677222861
27.300144533983396,268.99340443509766,78.69398278650782,Loamy,Rainy,Rice,8.9801596146349
34.801077002085265,797.5591006371882,70.09617155075658,Loamy,Stormy,Barley,3.953180484055258
17.801680304730482,310.36195892357375,84.62616449774231,Peaty,Rainy,Rice,5.600878869480237
25.366593047274733,455.2201490818012,62.16900071895938,Peaty,Stormy,Rice,9.40661899554814
32.54746143855911,11.620539908100636,70.35447893593769,Loamy,Sunny,Wheat,7.2799476010825375
29.815372355084087,72.44688779455888,71.56537765459944,Sandy,Rainy,Soybeans,5.110147302892775
28.94031481990536,392.49355640668483,69.58485811531628,Peaty,Rainy,Soybeans,3.0512990628421477
29.049681679742186,479.9388347171235,75.13168865427582,Sandy,Rainy,Soybeans,4.099880063204728
22.189823024395103,600.0205481193037,51.871673418740315,Loamy,Cloudy,Rice,6.649723819915066
20.871836885289866,291.66257870930326,65.61818887728953,Peaty,Cloudy,Wheat,7.74534358048411
31.187223109570272,694.9818861265426,45.21124014041738,Clay,Stormy,Corn,2.995375094815148
31.202267893583617,860.1223971892045,59.22556638224063,Loamy,Sunny,Rice,6.796778080352432
32.341446371602075,779.8509888933498,64.38335343106323,Silty,Cloudy,Rice,6.402810230710008
33.26481105112943,39.61882534835715,72.61121297727362,Sandy,Rainy,Wheat,6.111643573525664
25.226847977218757,480.5069472578289,87.52655262931017,Loamy,Cloudy,Barley,7.520984941456064
25.030325893743992,104.93017841817488,70.03255332741779,Loamy,Sunny,Rice,8.699596760667696
30.965903579335503,242.04501586252746,77.17969580882799,Peaty,Cloudy,Barley,4.583917465414947
27.999278615555305,986.6625932671465,65.31330297476013,Peaty,Rainy,Barley,9.112097520887676
29.03933754515407,142.49554290151323,71.70520156881656,Peaty,Stormy,Soybeans,3.2850689009484055
30.91585338872202,498.88815345135606,43.54661080668867,Silty,Rainy,Wheat,3.384190958009315
32.800106836351326,618.1557343181191,52.71957904209235,Peaty,Sunny,Barley,4.134176508991391
21.759903137030715,702.464970544104,58.09265466025693,Loamy,Stormy,Wheat,2.9562469563766225
22.51165905279888,559.6486834869141,63.62466775032568,Peaty,Cloudy,Soybeans,3.8425537974630206
16.87963879681738,9.77084741918366,42.282437275119186,Clay,Cloudy,Wheat,2.851294103222757
26.56560281992348,326.4613082439919,47.001204877665884,Peaty,Cloudy,Rice,8.574019335883122
15.718845475934842,517.7116433847115,53.84071538956529,Silty,Stormy,Barley,3.1117519350929967
24.311960362649202,87.86649914483336,88.57663454505254,Clay,Rainy,Wheat,7.978380460478855
25.85289269415153,350.6269312091808,56.56735035515254,Loamy,Stormy,Corn,2.38331094330667
20.730825042565687,33.20310879136657,64.10205290560413,Loamy,Stormy,Wheat,9.588162620111321
26.816665211380215,78.57849715502074,49.80488563691965,Sandy,Sunny,Barley,7.689280700222129
15.610004998780989,396.9232762015961,70.5390035537884,Clay,Stormy,Soybeans,2.0543723886888943
15.746963774984287,132.71575404306034,54.03416077579872,Sandy,Cloudy,Soybeans,8.110852001601712
31.452011213193167,567.5408482615582,50.34962892192134,Clay,Rainy,Barley,6.1126553661294825
22.20381282822526,689.4649691372657,65.82863142229895,Clay,Rainy,Rice,8.234921362680957
17.541210253037697,800.5866991090828,40.27528995802104,Silty,Rainy,Rice,6.179974471124708
25.444865201096086,200.1502442448101,40.383201632461265,Sandy,Cloudy,Soybeans,7.128198861082837
30.399871061972217,167.48258225906974,50.95344045509289,Silty,Cloudy,Soybeans,8.290653243160325
19.316420549936865,104.56784033440026,41.83606812504106,Clay,Cloudy,Barley,5.240864436702854
27.457809516380003,636.4302495436367,45.40128770653457,Loamy,Cloudy,Rice,2.0216651985636167
16.70694929987536,706.4757264869012,56.94303246693758,Clay,Cloudy,Soybeans,8.799571967561509
16.033634423372153,31.586144825642037,80.12928397899064,Silty,Stormy,Rice,5.047122900997301
25.62709263136296,936.2122462436898,68.60243216846504,Sandy,Cloudy,Soybeans,5.9683418081326645
25.81270243220213,51.97128365147241,65.63338629782082,Sandy,Cloudy,Wheat,2.0621331372317497
27.748598029964132,541.2963353010705,54.67444116040608,Silty,Cloudy,Corn,5.936736082800784
29.52182667445323,709.0605194509164,86.58768597164081,Sandy,Cloudy,Wheat,9.891899212573836
34.517041589250695,870.9691237460856,59.85075206185958,Peaty,Rainy,Soybeans,4.226141286550157
25.326006966023904,714.0869321324278,44.35463833978857,Loamy,Cloudy,Corn,5.163346161939025
21.45912945882492,801.7280830697919,70.85332580589007,Loamy,Stormy,Corn,7.497519971749413
30.90372389537407,339.45019254280606,45.69191967383007,Loamy,Stormy,Soybeans,8.51834934018927
20.416645025241486,814.8251137465122,57.261157140084606,Sandy,Stormy,Soybeans,5.339132992048802
23.779428414112722,80.11484638467515,65.37059693589045,Sandy,Sunny,Rice,4.47735096321034
16.56912762684532,894.8166560605276,83.71112623425878,Clay,Rainy,Soybeans,9.502606399880538
15.50701486830915,547.5923761537363,64.67732901700593,Clay,Cloudy,Barley,7.417159733373354
34.2529682935585,817.2977699624937,75.11293830158321,Loamy,Sunny,Soybeans,2.9521704359451286
31.719602410244118,452.3182845183001,89.64084194995351,Peaty,Cloudy,Barley,2.551423025077189
28.91948412187396,643.5776951965249,46.57445599489908,Clay,Sunny,Soybeans,5.868398806322952
23.179058888285397,526.4026609361132,53.73657627597598,Clay,Sunny,Rice,3.7607205283781795
18.465886401416917,731.5895217553318,59.72880377988232,Sandy,Stormy,Barley,4.031878027010028
18.12874085342172,81.62998203058957,61.09140892694157,Peaty,Stormy,Wheat,9.021537430622786
20.004857963291904,60.3520839905638,60.55105376327729,Loamy,Sunny,Barley,2.7165281945304853
25.984533294122407,247.10323401014645,85.38055012782775,Clay,Stormy,Rice,7.722912921831117
29.291918454001248,159.54468011318835,75.70163222334281,Peaty,Sunny,Barley,4.1691380270447045
28.203947534354626,871.7835665922017,70.39526070453519,Peaty,Rainy,Soybeans,8.0826257712331
20.598677938918858,219.2139873580443,55.46863589313911,Loamy,Stormy,Soybeans,7.779291075708357
34.097305613263885,975.8652558191313,81.18951921106473,Peaty,Stormy,Rice,2.059135211554344
29.75793833391537,336.8957917711069,87.75302557424945,Peaty,Stormy,Corn,6.073083303372793
26.087081050228015,182.11791568869927,81.05991412751132,Peaty,Rainy,Soybeans,3.114555859024371
27.234414924687044,789.6985071424791,40.078255259573645,Clay,Sunny,Wheat,8.929816244629414
23.3920012485558,658.7077755008761,71.82006850917035,Loamy,Cloudy,Rice,8.972687062899253
19.95461979002315,498.19571645313897,42.556769072105034,Peaty,Stormy,Barley,5.346766459950064
22.119453573025233,555.3635509376312,52.880361016686095,Peaty,Sunny,Barley,5.555164947608644
30.15692220928738,719.2017782722638,42.97623501738858,Clay,Rainy,Wheat,4.426263515236217
15.287869772595117,228.45474133129872,70.18977264746938,Loamy,Cloudy,Soybeans,7.732850391680248
17.321452810138325,996.3339160567419,74.32949567463034,Sandy,Stormy,Rice,4.869290904211673
15.920052840435055,974.7931621467832,45.72438190329525,Clay,Rainy,Wheat,4.14233979618107
15.814576046379402,650.3256863469369,59.19194415224898,Loamy,Rainy,Soybeans,5.457848476036066
32.10921168022014,199.54245092914513,62.811825447777096,Peaty,Cloudy,Rice,2.7319001470996698
29.073157187600472,680.2282424312913,58.452651088045826,Loamy,Sunny,Barley,7.972825637153631
24.483476581746505,72.19840897917584,46.05125002425965,Loamy,Stormy,Rice,2.1007712101742957
16.95668321302003,30.652502205806066,60.94738950937377,Loamy,Stormy,Corn,7.155880492164751
24.832317502336647,257.68288851121366,77.55890239042091,Sandy,Sunny,Rice,3.4629162140389793
24.469435415611315,462.6229567393163,43.550383226662774,Loamy,Sunny,Corn,3.859232369715305
18.464037398200304,868.2725054083805,44.00900070409517,Sandy,Sunny,Rice,7.0850559891203195
23.67703298475946,727.169069766308,57.73856459179921,Peaty,Cloudy,Corn,9.943547726263258
22.97009468794747,742.706521199981,87.08628558094625,Sandy,Cloudy,Barley,8.221739912580405
27.31700196104433,425.49333444807536,73.42863233614571,Peaty,Stormy,Soybeans,3.806717057787136
27.701873017352874,345.9349925469629,73.93349783362824,Peaty,Cloudy,Corn,3.4081980403290704
15.90608019544089,371.0387629846027,58.09599954189325,Sandy,Rainy,Corn,8.929862962141364
22.492252292529425,987.6495637360579,69.68303956042692,Clay,Stormy,Barley,5.553471583372034
27.517198314284727,40.10919141248248,40.50655920138717,Silty,Cloudy,Corn,3.0964224226252437
25.062725171601755,867.0314961224485,71.80480232047711,Loamy,Sunny,Wheat,8.897691386575506
32.12979682376644,578.6754085723934,85.66434737881184,Silty,Rainy,Barley,8.528738823314091
28.173872632378902,438.61541918959045,70.62867341724096,Loamy,Sunny,Wheat,9.87125091117731
18.258688541628594,725.2576604151365,83.68492967331724,Loamy,Stormy,Barley,9.27794949370147
16.411374948008596,486.66894142470284,76.19865277330469,Peaty,Sunny,Corn,8.814322709284333
27.84838556412631,873.4232380816605,46.02792082018451,Loamy,Cloudy,Wheat,2.420595182488025
15.530226210832437,900.7018640112585,85.12266536429209,Loamy,Cloudy,Corn,2.835322955984944
26.715511625469265,421.7209268734554,43.322192217788746,Sandy,Stormy,Barley,6.5518655544329825
33.80460482849915,276.82779723505155,66.6983736273882,Silty,Sunny,Corn,6.251833970254567
26.50948355751758,592.3503285933622,47.10685618967288,Sandy,Stormy,Wheat,5.663705715916284
22.763398524130437,912.3633456166909,40.5853305365452,Loamy,Sunny,Wheat,5.174314603316674
27.865764368847064,210.6621890056666,61.10171300638195,Peaty,Rainy,Corn,5.449683878914631
24.165057809830333,622.9665835634828,54.75203538270781,Sandy,Cloudy,Rice,6.554383473078362
25.9123357863187,631.5602200925206,64.30002468988015,Sandy,Stormy,Barley,2.0166121408006497
33.8292961755305,733.113022415281,68.85999433672754,Clay,Rainy,Barley,4.085670193062818
22.722052756015486,131.5676851272598,42.186953615447365,Loamy,Rainy,Corn,6.146237765509689
34.22381127647829,715.8249646820885,46.15016475618728,Peaty,Stormy,Rice,7.77772878938917
33.107012839121275,909.032520665641,67.93211982252127,Sandy,Stormy,Wheat,3.3932535391631706
18.915822695785927,179.68310887024197,57.15836765863291,Sandy,Rainy,Soybeans,6.375049390299464
16.38722601750331,237.54332492387763,76.45867437747239,Peaty,Sunny,Soybeans,7.715677471086254
17.01556002754853,971.3950940416396,72.614582429597,Loamy,Rainy,Corn,5.5570212633112375
15.364436513030995,180.97695270948978,82.28021814949534,Clay,Stormy,Rice,2.2166490693604084
16.88885921511857,854.3850933695792,74.62464133346126,Sandy,Rainy,Rice,5.594145267725094
28.660135468327137,492.2778564480348,61.49655386950741,Clay,Sunny,Barley,4.371559101953225
16.42377296920458,247.23107440317705,73.64833111972162,Silty,Cloudy,Wheat,9.437196861610627
21.379512605875227,870.7499012725114,53.76905871277093,Loamy,Cloudy,Rice,2.996907085426619
31.89750621938909,445.3052550026655,55.31567493891063,Silty,Rainy,Soybeans,7.219807644057857
15.465438714716518,514.8173539296902,79.44925799603966,Silty,Sunny,Wheat,2.421758130676009
31.289369651778717,359.2333693997657,62.32097582007911,Silty,Cloudy,Wheat,5.569363502501572
20.637095495468,592.9508514349275,79.91901702591763,Loamy,Rainy,Corn,6.431835897760645
17.363296552433127,163.52387258502276,81.12111868341393,Loamy,Rainy,Rice,4.383639450534924
28.934743307283014,391.0815366517607,82.8781168830642,Peaty,Sunny,Corn,5.6406050841630755
27.578856935597678,969.4123223352875,85.83176179206036,Clay,Stormy,Rice,3.308430356241499
32.549440270541055,258.13343270112756,61.54926102566481,Clay,Rainy,Barley,4.432990795744289
29.701420876077716,656.7366645412922,55.94334091605694,Peaty,Stormy,Corn,6.968850599281624
31.06961860769697,325.1900642246949,69.1099373297057,Peaty,Stormy,Corn,4.414400446889241
20.64069145142613,773.4731256866006,58.55862117188138,Silty,Cloudy,Soybeans,9.197944627270974
18.548790875594456,130.87366071834984,70.05370834001165,Peaty,Stormy,Corn,7.027255661127918
30.012295032817168,969.8210450785447,75.27929313219123,Sandy,Sunny,Rice,5.509192147487876
31.13669478534528,453.78954138363923,74.42025092460685,Clay,Cloudy,Soybeans,2.3100554844334598
34.81010284001347,236.05046334646397,58.72764435100606,Peaty,Cloudy,Corn,5.99638668163737
23.25235353822853,73.49674733001265,48.34301008493764,Sandy,Cloudy,Corn,8.118209937000714
22.440361715855666,169.75790508754073,61.52646692311038,Sandy,Rainy,Barley,4.124460784099309
30.528259214839935,519.7739485560177,47.12970720409544,Sandy,Rainy,Corn,8.45418855719014
21.816070805060356,337.0031764312863,84.50485175919042,Sandy,Stormy,Wheat,4.014454128407052
33.61514651207129,828.8833658826095,57.29387303689287,Silty,Cloudy,Soybeans,8.589971103606404
32.16825503686024,430.8875236618059,47.72298736116619,Sandy,Cloudy,Wheat,2.682146732893419
23.579880547500366,248.7142725876299,41.272387995287545,Silty,Sunny,Soybeans,8.929469670952237
30.017421355829946,617.14498660403,72.29111931432422,Silty,Stormy,Barley,5.993491607466644
30.090857481693646,706.7772168854458,71.84511587273715,Sandy,Sunny,Corn,4.372300716962096
17.062477376718654,167.04190790094987,57.03020832906458,Clay,Stormy,Corn,4.12090600332119
33.05105813359133,167.61921628831766,43.58559444238255,Sandy,Stormy,Corn,5.456084471442901
25.105047448957144,36.671426933542975,60.4814447447616,Sandy,Rainy,Soybeans,9.992395984829159
31.529149322154833,736.4020150656405,55.56087475316968,Sandy,Rainy,Corn,3.7626191475006605
21.400992020612236,663.804527621805,73.85603198675047,Clay,Sunny,Wheat,2.825733191031997
32.91046456992401,474.63087574981387,70.28896247263452,Loamy,Stormy,Corn,6.680281349749295
22.784033574683264,844.1704489691971,58.229686409877004,Loamy,Cloudy,Barley,5.908339731522057
15.216753029605968,805.6701529500532,50.894627712749504,Silty,Rainy,Wheat,6.193570168506459
33.10763952838528,585.3543643967522,89.40179830777959,Silty,Cloudy,Corn,7.335483340457737
16.82573353572267,868.2712805132586,62.70008105980574,Clay,Sunny,Corn,4.1371525589651945
21.3862727518083,205.84121003676825,74.41371178901186,Peaty,Rainy,Rice,9.285319963071107
34.0012393410161,111.91961939772787,47.02764837891804,Loamy,Rainy,Soybeans,5.485376528978323
34.012142938751126,269.7496115169896,64.27948498296989,Silty,Stormy,Wheat,3.0326895611396942
26.46875776246572,57.08685608931485,41.37683599347327,Loamy,Sunny,Rice,7.938390053871554
27.636744243395984,531.1695280010321,65.2727558955225,Clay,Stormy,Barley,7.144834820942802
23.968910439566393,936.6056922949615,88.20087035588512,Clay,Rainy,Soybeans,4.525947219872297
20.86421543396129,39.34354066850965,59.210335649290016,Peaty,Sunny,Wheat,6.972149792272388
21.57329090739832,122.1099140100268,41.94980062874558,Peaty,Rainy,Corn,3.758895650951815
28.450369121540767,452.19902828343527,41.54778954596718,Clay,Sunny,Wheat,5.558714874724236
30.0474905887536,933.8750175279049,59.39933799734347,Silty,Rainy,Corn,9.195300177338602
30.83158087451697,316.1561049767505,48.001246823159704,Loamy,Cloudy,Soybeans,3.0682738652859953
30.792362855891078,507.23480868839243,41.167604816409295,Sandy,Cloudy,Corn,5.093571599899696
16.824122060973806,41.5728590503921,77.81068069750884,Peaty,Stormy,Barley,8.569139397762779
24.88840609405163,148.34320096208887,62.92615044409453,Sandy,Cloudy,Corn,9.755927195249425
16.151175200332887,986.6301229588469,54.46223859863272,Silty,Rainy,Barley,5.631409091374367
25.990577646474712,965.1186964360455,85.00415915082404,Peaty,Rainy,Soybeans,6.055996961146779
23.83061002746754,4.939980934409616,45.80694801002628,Sandy,Cloudy,Soybeans,6.577375694270158
32.754083655166,951.8117854232389,87.79594144776595,Silty,Stormy,Wheat,9.458785133069686
22.018300251041573,639.1199378155004,55.698335868867645,Loamy,Cloudy,Barley,8.865654327816237
17.341340328552118,867.9182945200221,84.42018361543407,Silty,Sunny,Barley,3.3648089969731547
17.859833641056717,454.7398556338591,70.14714382397308,Peaty,Sunny,Rice,5.4940625427766
30.230212634349446,515.5960285792503,81.33536798707436,Clay,Sunny,Rice,5.71200342557141
27.364361266325222,488.84658025692016,89.2006581605232,Loamy,Cloudy,Rice,8.312768893190054
17.022453522455805,666.8642575461043,54.420271890937286,Sandy,Cloudy,Corn,6.823143060843482
16.682136122299948,139.6512547563129,88.05677427037965,Peaty,Cloudy,Rice,7.233763696232104
29.0193826291824,29.97358987267795,59.47409474512102,Clay,Sunny,Barley,9.985599261324941
16.45526012728387,307.9299415911909,59.275595236846115,Silty,Stormy,Corn,2.5996803477601045
31.437201185807126,704.6807627366467,57.01935521272529,Clay,Rainy,Soybeans,3.784078588269864
29.124844543129925,201.85345212294837,67.07038036737926,Peaty,Cloudy,Wheat,5.263167498972375
16.626975612837995,673.4324333249173,47.707252158924355,Peaty,Stormy,Rice,4.7822592243910975
16.69675428170384,969.9120461072705,67.68557426790056,Clay,Rainy,Soybeans,2.1731644907758687
34.73279157002351,93.90071578941838,67.0852406205002,Silty,Rainy,Barley,2.7342208517694067
22.485415915122406,672.6021182251263,78.0950906302435,Clay,Rainy,Wheat,7.4476263312286095
22.412842941337818,443.75021930457115,81.68249809687927,Peaty,Stormy,Soybeans,9.034595706900486
31.25599134515005,868.1422543775053,62.0220675156212,Peaty,Stormy,Wheat,6.113816090127821
33.94497154767717,177.1497894473859,55.116662467574685,Sandy,Sunny,Rice,6.313528636109064
34.720021276457416,692.6259522261645,52.96674486585472,Sandy,Stormy,Barley,4.040747462659035
30.067563705178834,838.1152896481102,49.73119183524359,Loamy,Stormy,Wheat,8.143010909069691
22.525191710618316,944.6142194740232,42.882379109951245,Peaty,Stormy,Soybeans,8.014356698938052
16.670014333973377,683.2480282896458,57.12239894173567,Sandy,Rainy,Rice,6.706925513741253
30.542938318548735,497.1747640084273,53.512384606539165,Clay,Cloudy,Rice,3.7013142920907427
26.1680849947161,617.8472402012138,88.32086929332037,Silty,Sunny,Soybeans,2.7761457458967156
23.484440184939526,868.9049844787182,67.8854413125022,Clay,Cloudy,Soybeans,2.513908606857007
33.12708770189472,570.6097466388297,57.363851951525376,Silty,Cloudy,Wheat,6.741568533143022
17.223949646123028,30.38705969683686,69.0233800496848,Sandy,Stormy,Corn,8.6002825531424
24.852502085817182,930.9486955069777,46.95983506728477,Loamy,Sunny,Rice,8.866643454247399
15.227072895348382,689.5267510315612,62.202187460110146,Clay,Cloudy,Wheat,5.7089765947475986
24.373212839882527,676.5133857772465,71.31171607105318,Clay,Cloudy,Soybeans,8.274170394453735
16.126065513636746,215.67515239771717,64.44489158962257,Clay,Sunny,Wheat,9.575041570728189
17.376358325361437,658.8854702326572,60.08894003271621,Silty,Stormy,Soybeans,4.201360899904544
17.350524935542097,393.8644056541585,89.6924194449849,Sandy,Cloudy,Barley,5.183682771046057
27.984206042321272,651.2329770414921,84.01573810744635,Clay,Rainy,Soybeans,9.451831940773445
29.920897585308467,106.59303030799072,71.17029790797201,Clay,Cloudy,Soybeans,4.705847738538279
26.667375301943192,657.8453046030361,68.46886805911414,Loamy,Rainy,Soybeans,9.31101032257437
34.24345096949084,999.4137257706666,71.0330239912292,Loamy,Stormy,Corn,9.848358898035727
22.49741159047408,48.21203886055603,50.065605391121665,Sandy,Cloudy,Soybeans,7.2944858285953975
20.714241725637216,977.1741842213173,59.75688716321593,Sandy,Sunny,Rice,8.535122316033346
32.3719825637892,406.9079607228706,41.972976644544964,Peaty,Sunny,Rice,7.996364513768682
19.47191677038905,870.7534503372591,63.77730187434133,Loamy,Cloudy,Wheat,7.59627406092419
34.264450788812226,782.3854840582735,67.15122919788315,Peaty,Stormy,Corn,4.4554485838498605
15.243089493796326,567.0162609866678,51.38748680516048,Silty,Stormy,Wheat,2.4567547032635497
34.397576534152776,738.4492092513265,88.20144235827568,Peaty,Sunny,Rice,4.744413860157205
15.863198239011522,878.5155613013479,85.4727305468621,Clay,Cloudy,Rice,7.335487881631253
32.82286227396142,404.140321651033,76.1071617727953,Peaty,Stormy,Barley,2.820233585822411
25.554022181725998,327.0331615632387,66.66933143826813,Sandy,Sunny,Soybeans,2.0953438638259367
34.85929592238601,667.5933855635847,83.49845798238425,Silty,Rainy,Rice,3.117538980823509
16.475931294707976,807.8459419412586,46.532617191173145,Clay,Cloudy,Wheat,7.7258874112863625
26.077085688026415,762.2851347766158,79.52548971374425,Peaty,Rainy,Wheat,9.78234961325155
34.38605071238198,797.8136488586345,46.24104069834242,Silty,Rainy,Soybeans,9.864517596918564
25.461956883402976,435.583314812933,79.71053312747027,Silty,Stormy,Soybeans,5.951833193121503
27.58797276270525,817.8342161750217,53.78837841256785,Clay,Stormy,Barley,8.95481840793878
28.914973779692343,120.20905537060844,83.85452905090945,Peaty,Stormy,Corn,7.894611646012033
24.090821295355465,544.4890979608496,87.2021046912699,Silty,Cloudy,Wheat,6.008321895876827
27.55116160168127,5.7586604981215705,47.43979847025578,Silty,Rainy,Soybeans,6.582084263640694
26.686286238462003,324.5858299002703,63.13378025326968,Loamy,Cloudy,Wheat,3.0978171729349686
33.02316020981978,366.4615348713979,89.04936890813426,Silty,Stormy,Soybeans,9.501291684932736
15.908927606829158,396.17269160925537,64.17037179865733,Loamy,Rainy,Rice,4.815438165854214
20.619263791844606,695.4672066898622,83.17737612572725,Peaty,Cloudy,Wheat,5.569194051657356
34.008229681531176,388.55810127034573,69.436576106566,Peaty,Cloudy,Rice,7.37328184798319
32.80527567781833,448.69362262253065,58.766495395980094,Peaty,Sunny,Wheat,4.671219772212432
24.11313505571426,237.54413087432746,54.28917777629351,Sandy,Cloudy,Corn,4.034073287911444
27.402651956030734,373.25179162934006,50.16115455430436,Peaty,Stormy,Barley,7.048395146161765
20.54762365962265,227.26962726315148,78.08990956888486,Silty,Cloudy,Rice,2.1998726582547956
18.762423194475225,73.19592376844363,59.3270253411514,Clay,Rainy,Soybeans,7.765800896213431
24.273968098799642,603.4485933813779,65.56377311003756,Loamy,Cloudy,Corn,6.112186959012078
22.067044560521055,668.2127985550162,64.6162740000591,Sandy,Sunny,Wheat,6.846029844167475
26.67312223701744,619.4903460096145,68.86395146165657,Peaty,Rainy,Rice,7.055041273975081
16.554692739299696,463.49404380057234,83.2788572812276,Peaty,Rainy,Wheat,6.21640125194051
34.487896153323334,379.7857801792298,89.03696717917147,Clay,Sunny,Wheat,6.660270219525888
34.72421488959206,863.3336495718253,60.37921042869085,Clay,Stormy,Wheat,7.470305607118997
28.963234280394904,519.0817851362181,81.37594610531515,Sandy,Rainy,Barley,8.024950777437393
25.72192732688241,479.181877629731,78.22638973273588,Loamy,Stormy,Barley,7.819619130288964
21.190552325726557,25.64206580643569,68.67644757277867,Peaty,Rainy,Soybeans,8.956931661858093
31.275900394138972,341.2478276261564,87.80235718059666,Sandy,Rainy,Rice,3.515547465339222
28.694623451077586,380.19561878585705,50.023725776420136,Silty,Stormy,Corn,5.20918375593438
18.252338786897827,398.8227808969005,45.46321051548107,Silty,Rainy,Corn,9.582368528115657
33.21854368987685,580.1723692273323,82.69809834777111,Sandy,Stormy,Corn,5.172724595090638
31.45074485846338,533.6025467268785,61.957490831687416,Peaty,Sunny,Wheat,2.9989606152473813
33.99599826583848,607.9050927934446,82.34844271035303,Sandy,Stormy,Barley,6.203561010897436
29.5143901677672,764.8832615421283,84.65451025977075,Peaty,Sunny,Rice,2.8759277804356973
27.268303918715798,812.9857387160935,43.122879680953574,Clay,Rainy,Wheat,3.6228259098229216
23.364860725812377,718.1230762264944,84.17323814930303,Sandy,Stormy,Barley,9.986550052567654
33.65456966708027,955.5236959549347,62.41595276847111,Peaty,Rainy,Barley,6.330901107169056
32.32127779000817,18.23258267636163,65.52162445021162,Sandy,Stormy,Rice,4.272467112323432
15.904373402123788,195.7779856835461,71.32962555466051,Sandy,Sunny,Rice,9.95819963659125
15.52733948994504,7.56287497814212,86.31913033650434,Peaty,Sunny,Rice,9.732471348441145
22.52926733756099,647.474714154603,40.9558047214882,Peaty,Stormy,Wheat,5.525912328674108
31.211066615636657,898.030548949987,63.842173415890855,Loamy,Sunny,Soybeans,4.083224870303267
34.74552258629889,243.48229657629926,74.38610212152804,Sandy,Rainy,Rice,8.70719710473752
18.008337822070565,927.0345447963066,76.13534788491143,Silty,Rainy,Soybeans,7.724965735774286
26.8826143070427,60.26739028956085,74.6266215768554,Sandy,Cloudy,Wheat,7.495531480028083
22.61781713262043,934.4360268055143,46.72175647040609,Sandy,Sunny,Soybeans,9.14490993057978
34.398287956292066,351.6226872396344,54.96977941858406,Peaty,Rainy,Corn,7.515337070970597
31.842378462714173,101.42082844921651,57.935776270850674,Sandy,Stormy,Soybeans,4.270383544332393
31.766574094222758,485.8717591863256,80.22186038397524,Sandy,Sunny,Rice,7.550905295005858
24.373863195899403,256.77656772050796,53.93799362072765,Silty,Rainy,Wheat,4.446508090269312
23.296390046753302,284.8729019619228,50.53524819336016,Peaty,Sunny,Rice,8.07391183725596
20.468141438614126,307.2899649262866,87.87240095190481,Sandy,Stormy,Corn,6.957982835932528
16.127509933018544,803.0258978326634,40.443164255673445,Clay,Rainy,Rice,2.6192924158780047
32.29444752510106,539.1612766752545,89.89104278409891,Loamy,Cloudy,Rice,6.102682899481136
31.258020182601552,311.30769915600365,73.84106494286978,Silty,Cloudy,Rice,4.7464077535659275
34.99435346572261,610.3337833109184,81.42346497245586,Sandy,Sunny,Barley,4.628565061858354
34.93273674147811,716.1506742231936,54.730969817309656,Clay,Stormy,Corn,6.818050419018058
26.10863411205255,272.62400073353376,40.715763883353,Sandy,Rainy,Rice,4.578598595755399
30.37974830361021,413.5491015253515,76.8934759280765,Sandy,Stormy,Rice,8.21514998563898
33.895314597648564,121.88609333694755,81.7072298500338,Peaty,Rainy,Rice,2.5663314880893955
31.99294781354823,181.1493495346803,77.02380659767596,Peaty,Sunny,Wheat,7.2831060191666035
19.94696203486395,681.1178539649828,47.14251436504193,Peaty,Rainy,Barley,8.47355842925393
24.01088270620187,181.43834769562693,77.67139611284846,Clay,Stormy,Wheat,7.382653519363441
17.5831883030299,525.1633836670602,78.44613910538206,Sandy,Stormy,Barley,5.977833560159966
34.08102054517445,709.0462617224326,72.92702578350274,Loamy,Sunny,Rice,9.602456109889449
27.123492689017603,106.87692309474383,78.30579663977932,Silty,Stormy,Corn,4.399507918384509
19.572856110069253,567.3122196289036,82.2960719838866,Peaty,Rainy,Soybeans,2.1533431001998222
28.434013688117133,256.56278370136374,70.68020571187293,Peaty,Sunny,Soybeans,5.455914971707527
27.362564809157917,962.9268752375798,44.430235698483955,Sandy,Rainy,Rice,2.264095487202618
22.163254360656808,483.5456467199247,64.38139048336055,Sandy,Stormy,Wheat,9.63149402021127
17.27115184399258,805.9925497751581,43.88246673358025,Clay,Sunny,Corn,3.679344365984412
28.431463911855992,550.2265421562618,60.37715155162154,Clay,Rainy,Barley,8.311416191591036
25.406154018075867,43.41253285481916,60.35532445628138,Peaty,Stormy,Rice,8.196576665394918
30.446367834712788,633.1513755940224,43.30049220701208,Sandy,Stormy,Corn,3.741831197463468
25.403270022239866,951.403342206657,57.44102669847396,Loamy,Cloudy,Corn,6.969812243841338
32.043630006370805,601.6118201463312,45.54990493956574,Silty,Stormy,Barley,2.3846317478916017
26.03813677548971,819.1888594267903,80.4117605004611,Sandy,Rainy,Corn,5.86859668563094
26.218759430707728,884.2064633484079,87.38440129822354,Sandy,Sunny,Wheat,2.117177018179894
32.533072053166904,228.0797719489325,43.61582376289693,Clay,Cloudy,Wheat,9.369151041446734
23.06965732424794,212.04483990822663,87.75576036458507,Silty,Stormy,Wheat,9.808688193596574
17.680304569012815,610.9809888509917,66.12882996683726,Peaty,Stormy,Corn,3.778262133108682
15.57565352626678,411.0284698067047,54.97828389769369,Sandy,Stormy,Wheat,3.6648482767709822
30.10274511347238,839.8613028667204,43.84310376380817,Peaty,Rainy,Barley,8.029761412497038
27.406191027069294,900.0231233980112,65.0312134035209,Sandy,Cloudy,Corn,4.027035190634676
29.08159536198447,353.4213793027181,79.72577722453744,Peaty,Rainy,Soybeans,9.16061247329476
19.259283230178212,236.87055897448207,75.35432386333491,Silty,Cloudy,Corn,6.591433088983858
17.727429511735394,780.5255152438618,42.51130057319869,Clay,Sunny,Barley,4.806220984082497
15.290893313357639,274.8060355481361,43.645091768395176,Silty,Rainy,Soybeans,8.66154997079536
22.011751176131938,822.6143185136784,60.14366413163185,Loamy,Rainy,Corn,5.9472536033071615
26.79835373709266,423.73825364876285,54.76452470239717,Clay,Sunny,Wheat,9.293063309667804
22.844880901994646,667.5498992914704,51.619216152802395,Silty,Cloudy,Rice,9.424113893835049
23.749498440474582,95.53531383466817,54.05022494543568,Loamy,Stormy,Rice,3.3233612170272746
33.08317388987497,623.859324676573,80.17413716484424,Sandy,Sunny,Wheat,2.018587249055442
21.965109340466007,451.7676787372291,86.46140268159269,Sandy,Stormy,Rice,9.871447521139217
25.279789783196215,586.6084631754741,60.25513472637832,Peaty,Stormy,Rice,9.249100289019836
30.67306025482286,168.01420774486343,85.30555010662485,Clay,Sunny,Wheat,2.4435618856307313
22.930855646425403,736.8737449441821,56.0747850623941,Sandy,Cloudy,Wheat,8.66427411152856
27.441734004557468,862.7970775432285,63.82184931718958,Clay,Stormy,Corn,5.662439460473653
32.2472741749349,216.73980009077565,51.30144989079999,Sandy,Sunny,Corn,4.071692840199802
33.990412473152844,95.71455552016172,72.0238021087922,Peaty,Rainy,Wheat,9.029972189415439
17.941469618580758,23.638586046336396,88.94905575874044,Silty,Rainy,Barley,3.573337859122458
33.53175250322989,641.971500443266,70.17465480216893,Peaty,Rainy,Rice,9.578399995360535
24.842325861590766,607.0940360887807,57.890704205677444,Loamy,Sunny,Corn,3.6449719015947286
20.164887765979167,546.69741271407,72.39087229952642,Sandy,Rainy,Rice,6.909465501829948
24.182715124765224,231.94709611597543,46.14603392326938,Loamy,Stormy,Soybeans,3.784690676231799
34.60065150570954,390.90599590551466,84.43295401326993,Loamy,Rainy,Wheat,6.365349319749078
24.85236187985739,594.4763351861731,65.15419753899181,Clay,Rainy,Barley,7.4718010393211305
21.575032205750162,496.76685885916936,62.4674871019821,Sandy,Stormy,Soybeans,3.5218234465611005
27.668017086334515,987.7855202148874,69.29323942267595,Loamy,Rainy,Soybeans,6.167086261605434
19.802912375563864,136.43975255673314,71.23919313947013,Silty,Stormy,Soybeans,5.752477955120952
16.51726656217328,695.1445540475938,43.58879031132565,Loamy,Rainy,Wheat,2.56829937122673
17.577594438212984,404.31876810429213,74.13086106117012,Silty,Stormy,Corn,8.546462541402423
17.56091677915545,428.19961492561475,52.09658401577648,Clay,Rainy,Wheat,4.685459205142734
18.038053870245886,717.5977656581763,75.69763162532949,Loamy,Stormy,Corn,6.5966575804150365
17.776543452988204,692.4361513243697,81.12673971920984,Peaty,Sunny,Soybeans,6.118273879465075
27.817494896064293,991.2559937021883,80.197925377626,Clay,Stormy,Soybeans,6.106084036563538
18.637601687982897,128.39428945412524,67.62504837039445,Silty,Rainy,Barley,2.8577791536678996
21.913345666477262,104.10964938416633,66.00849461553756,Clay,Rainy,Corn,5.387856073994662
32.935768198120236,724.3388171287412,47.14379806697059,Loamy,Cloudy,Soybeans,5.618934073652562
24.479232805257446,578.3869170064091,78.76730752015678,Sandy,Stormy,Rice,7.869142722915588
28.351154770420543,274.16066655980586,53.570469022335715,Sandy,Sunny,Barley,8.720150655365588
18.446397424032597,79.4193689889866,64.83477114089733,Silty,Stormy,Wheat,6.359858224800144
18.845780376173416,85.65824959643054,54.21370464637583,Silty,Stormy,Barley,2.694263632519924
15.817372325329577,894.1908746641183,46.691418149984656,Sandy,Sunny,Rice,3.89479576477237
18.37870126144329,191.8673247187429,71.47788484458682,Silty,Stormy,Corn,3.3194722148218485
20.57180678063917,323.37156211552076,42.71660174114519,Clay,Sunny,Wheat,2.996920505512998
18.540209685534936,226.656402226988,77.43226170631,Peaty,Sunny,Wheat,4.9271943889424605
16.774050675141112,354.9963058319373,55.87933976305583,Peaty,Stormy,Corn,3.8351480172350563
17.412717422012015,69.42384274609337,40.00673465022427,Clay,Stormy,Barley,3.7464248944920984
24.215575360654515,519.0597909082703,65.55645696186149,Peaty,Rainy,Soybeans,2.4375453966101412
19.12667436811585,67.6125635922149,42.34259542638016,Loamy,Rainy,Barley,2.141360358363471
22.28539722096151,800.3565078223616,53.80847789104497,Clay,Cloudy,Rice,2.8221459411982543
25.068345417097138,233.71208191043303,75.3488243727858,Silty,Cloudy,Soybeans,3.3775798353890645
28.807896572587307,540.0119146045106,43.13448108109329,Clay,Stormy,Barley,5.447869830785625
15.786242796821979,880.0790875614582,81.96692461780012,Sandy,Sunny,Corn,6.084162090390757
30.988207978180853,650.8773690471942,40.19099613292916,Silty,Cloudy,Rice,3.1247353453869247
27.558007789818156,532.9577865513353,52.34119346009511,Sandy,Stormy,Rice,5.39826673219349
16.635180638977438,324.3337531153756,77.04520280760357,Silty,Cloudy,Rice,4.733990738607418
32.47157248213554,333.00191305819794,55.81350748646534,Peaty,Sunny,Soybeans,3.4673891479836483
33.417448010636264,669.4869551981901,45.094619403300676,Clay,Stormy,Wheat,2.0547259851869084
16.221559197097275,994.1393612211675,58.0116959400214,Loamy,Sunny,Soybeans,5.736142932173934
20.537552962944076,661.8391898493786,53.51966431922628,Silty,Stormy,Barley,7.485213994121595
31.124025595861227,557.783417370025,82.13559510802774,Silty,Cloudy,Wheat,3.810218673150456
29.965193807673167,730.650510239246,55.66739587925716,Sandy,Rainy,Barley,3.054454639173435
18.690420387127546,465.20561228371815,79.44662358880036,Peaty,Cloudy,Wheat,9.096341955575696
19.186986466734204,60.14234260078521,84.59360724053673,Sandy,Cloudy,Soybeans,4.200198179902382
22.40944205582764,562.2968158779098,61.69087097882648,Sandy,Rainy,Rice,3.7889009583413182
24.690459703820427,957.6252845053803,85.4971571927196,Peaty,Rainy,Corn,8.856775516879328
27.36509543060592,175.30294235765965,58.865902698159644,Loamy,Stormy,Rice,8.53685679333409
22.378272791395446,690.0048908206658,88.20392082450542,Sandy,Stormy,Soybeans,5.586771764197069
24.25069432266296,200.9336886590565,44.46447622627865,Sandy,Sunny,Wheat,5.913910891422196
29.94941876267513,535.8276844730813,74.35096332516213,Silty,Sunny,Rice,3.741989638672176
15.733664057811957,96.67644964671962,64.69070202284644,Peaty,Cloudy,Soybeans,2.62641336383646
20.048738886880415,450.3709362581851,59.382440272782354,Clay,Rainy,Barley,6.5874546028452885
29.26699171769105,756.1633288952461,71.63559393743004,Loamy,Sunny,Corn,2.786759372721705
32.904136753743984,347.5715242389821,75.19285458171656,Loamy,Cloudy,Rice,5.5941963756531985
25.233548842313322,664.9117244872181,40.21816348251546,Peaty,Rainy,Wheat,9.523977588104085
25.642269705306312,795.4499607897292,48.347654437359935,Silty,Stormy,Barley,9.622675113364675
17.14344022679552,927.1778194794526,75.65230253171593,Silty,Cloudy,Soybeans,3.914658292378869
23.948247336469095,234.64208185545354,73.31927067891033,Peaty,Stormy,Corn,6.992907360365235
25.652345329100463,399.31591580930814,88.30237525643386,Silty,Sunny,Wheat,5.792610112862861
19.849410072694592,152.41601333041743,78.05188951253915,Loamy,Sunny,Soybeans,9.005481020688848
20.38486461898762,992.4835021583752,87.53863538656691,Loamy,Rainy,Soybeans,4.171446914208426
22.545683262092453,927.0009679242953,75.12702507674035,Clay,Cloudy,Rice,2.029619254659335
15.401423955554527,539.9571302805596,54.90261043197216,Peaty,Stormy,Rice,3.300489647451321
21.441583311663564,842.0332943764213,45.268246112542826,Sandy,Rainy,Wheat,4.796182409355184
19.22896013993089,520.9579772720422,79.09119316724679,Sandy,Sunny,Soybeans,4.525769038163909
21.54994704355829,623.5856880027598,72.2074610737958,Clay,Sunny,Rice,8.330903352983087
17.395242636385024,89.12443211601662,42.40930061966481,Clay,Cloudy,Corn,7.4444853291107025
32.8105456147979,755.2704204968079,58.00252329504892,Silty,Stormy,Corn,4.396450556919178
26.871849071080973,127.71348363523482,87.8399907742143,Clay,Cloudy,Soybeans,5.661950537329707
28.582046382889793,826.0676302525284,65.02005728551006,Clay,Stormy,Rice,2.764472831666682
30.783424772146766,782.0280876703858,61.63645680098523,Sandy,Stormy,Wheat,9.185171558560807
24.968843978581145,708.7446977429764,62.8849802579647,Silty,Cloudy,Wheat,9.483398595588273
16.738405761748474,36.16038052476212,50.444136200258185,Clay,Rainy,Wheat,9.838428283047506
25.742130836370954,303.1283559453286,58.43535854323976,Clay,Cloudy,Corn,8.948422646286701
26.736822360417584,263.11256991084286,58.49066279935883,Silty,Cloudy,Rice,3.3916871015698042
29.9087894836866,360.1364074715191,42.61775100937362,Peaty,Sunny,Rice,2.3695718656130307
23.63319092459359,87.64274676383855,78.37838142589591,Silty,Sunny,Corn,6.636773819301392
17.551606055911275,936.9578230310627,60.82522159519395,Sandy,Cloudy,Wheat,9.300840215064884
20.67551811597449,553.8022407123763,81.10899434082117,Peaty,Cloudy,Wheat,3.418810893277943
22.2616459279727,305.5243106580235,82.51740005599477,Loamy,Sunny,Soybeans,2.056343316993135
27.918344826632023,396.98151707428343,50.599702734932904,Silty,Stormy,Barley,8.443968368257956
26.41556609337824,447.20254050483567,72.86767410850644,Sandy,Cloudy,Rice,2.614365474293872
22.121934517956923,600.5943333606173,63.614090208149086,Peaty,Rainy,Rice,5.309648255280243
34.730304975859596,515.6794276964978,84.00783689607425,Silty,Rainy,Rice,7.43109869751028
27.115496387137743,919.3919732144174,50.787033958822704,Clay,Rainy,Barley,3.894380683649441
19.74453583471989,496.96348290583023,73.89066001550222,Silty,Cloudy,Soybeans,2.6717005075738136
17.035649452408073,992.1580148233127,70.38760611263612,Loamy,Stormy,Barley,8.16016982764663
18.057182783686642,851.4249577450958,54.765073878591636,Silty,Stormy,Wheat,7.0414006790963315
19.919154567690164,208.5105143573358,46.83004518255863,Peaty,Sunny,Wheat,9.907923875894438
18.213627465191113,930.5952146439163,72.58198802386383,Peaty,Cloudy,Rice,4.754464266559674
18.731340481026116,116.36639788547609,76.92987290661654,Silty,Stormy,Corn,2.4940990903215976
20.70190337387694,817.4497084911916,55.7813671881675,Peaty,Cloudy,Rice,7.874800282682366
18.467471905895096,380.6232934765801,72.2416302011157,Clay,Sunny,Corn,6.173867350825965
32.935308492528506,877.9743204450696,59.75654538057516,Silty,Sunny,Barley,3.7056314511130806
16.604674913232845,868.0566901074503,75.66034416413089,Clay,Sunny,Wheat,8.253831912038075
25.490227791405093,805.9254001176212,49.96076374470265,Clay,Rainy,Corn,3.63004388679955
23.20793653979323,790.0304363070613,84.51075013180872,Sandy,Cloudy,Barley,4.085293238663493
34.647572338172125,304.67913909804076,54.370479823278984,Silty,Sunny,Wheat,2.740228434933753
17.240778043361047,80.91928305125218,58.38929938780765,Peaty,Cloudy,Corn,5.1954582322468355
22.95711198091483,402.98017876516144,42.90459760401749,Clay,Rainy,Rice,5.3514337914993515
34.389408665507375,173.52451498650868,45.57561061606382,Sandy,Rainy,Rice,6.116494322786387
32.310142517879605,694.9510889024617,65.7930951356164,Silty,Sunny,Rice,7.67171413699022
31.3414414189856,346.09972653778556,53.379633836398575,Silty,Sunny,Barley,9.248807429443406
20.158056540898798,975.6102008599149,81.77401128710972,Loamy,Stormy,Rice,3.101872791102469
18.417751747801315,640.972077345332,40.734669432747694,Loamy,Cloudy,Soybeans,2.4347847867892565
28.37286439848862,822.4805636343609,58.95470243359681,Clay,Sunny,Wheat,2.1482498687546663
33.587519782551716,132.52467274184843,56.867277338454635,Loamy,Stormy,Barley,3.14897102455053
26.135257860278596,862.0144822726226,40.966381545880054,Clay,Cloudy,Rice,7.2635958862530074
26.432253789397997,922.7571905133943,46.21841995002551,Peaty,Sunny,Wheat,7.819816623971973
20.599581873205683,487.0619188189359,60.682133745931765,Clay,Stormy,Corn,8.292045708224977
30.389858663838737,606.2529377509775,64.64322922237233,Loamy,Stormy,Rice,3.9496656952347413
18.74087497115047,764.8098009029954,60.214487362743455,Peaty,Cloudy,Wheat,4.447158506092159
21.473584728084873,174.83862726041255,66.5468839206047,Loamy,Stormy,Soybeans,5.865077164523996
23.508728772328336,502.5660764634424,69.75658374528408,Clay,Cloudy,Corn,2.505464774881812
25.1522075736891,398.6630277723131,40.49619105639178,Sandy,Cloudy,Soybeans,6.889132185689969
19.848194648301604,146.37399216224912,63.204757972675196,Silty,Cloudy,Wheat,9.869880269406062
17.29673649478407,367.5344222915314,88.17496204437941,Loamy,Rainy,Soybeans,4.8864504910240205
27.21240084883265,68.17230938549356,65.95161400647743,Clay,Stormy,Wheat,8.022779800731072
20.772611064805115,25.811906949486985,73.87711337294766,Peaty,Cloudy,Wheat,6.000271324556864
26.624764428452245,135.16628915482275,55.59319289584416,Loamy,Sunny,Soybeans,3.022494754883062
18.087254305484045,963.1151115891738,78.69956890763812,Loamy,Rainy,Wheat,6.657899590420691
24.62280203709635,549.5295358950169,78.64607409380575,Silty,Rainy,Rice,4.39899414755252
25.651788651031715,965.8221611532199,66.06480238270694,Clay,Stormy,Wheat,2.275225667627666
16.03647073644854,432.497878330132,88.80069116396068,Sandy,Cloudy,Barley,7.07943784094195
21.732085563878414,311.8161330852596,46.27751073813267,Peaty,Stormy,Wheat,8.871458794597821
17.688293538779483,506.1418628402441,40.84738324447905,Clay,Rainy,Barley,4.758158135198993
16.267499409455354,439.51168863291014,78.50791058785481,Peaty,Cloudy,Wheat,5.122364377702164
34.7992046477989,105.66468426174391,80.35777686824413,Loamy,Sunny,Wheat,9.128173463737692
21.44707689949446,640.8263146902062,46.01036145602881,Silty,Cloudy,Soybeans,8.508870506938848
31.1974889170927,216.0381825095996,53.2791416479303,Silty,Rainy,Rice,7.719622588414217
20.092813095275275,619.5879548978296,40.877618168331445,Sandy,Sunny,Rice,3.9903765100251833
28.630054444478585,650.2010923981534,54.665430539028236,Silty,Cloudy,Corn,9.281733239733157
30.204557197793733,152.02485312864812,78.65709369593358,Loamy,Sunny,Soybeans,3.235326060313704
26.912774812156886,61.34962711066816,65.89802638562895,Sandy,Sunny,Soybeans,7.014164155337775
24.431523771003167,780.7615860684398,57.404779658414405,Clay,Rainy,Rice,2.2304094443721496
23.23681828294537,459.80042376932016,58.586964745316514,Silty,Sunny,Soybeans,7.149758450599567
21.977365330859904,58.16379550547579,40.06768128577341,Sandy,Stormy,Rice,4.217154814986879
33.59058288495652,994.8663171697672,54.990026378261796,Loamy,Rainy,Soybeans,5.59741581746976
31.612388155754584,57.78056099636664,72.32293708189653,Peaty,Stormy,Wheat,4.762116416456425
34.300538213330256,695.0352288585532,88.70972219081786,Peaty,Sunny,Rice,3.382054049969679
17.485944469710894,983.6789252634136,82.35304134919497,Loamy,Stormy,Rice,6.975846320750993
29.617349504072884,239.1801042159256,41.17974823227646,Loamy,Cloudy,Barley,9.05580444112486
33.76680913642076,142.24936868719618,84.92803023374196,Peaty,Sunny,Soybeans,9.672673938259226
18.6246613233132,121.3849394224289,79.15992066493129,Sandy,Cloudy,Soybeans,3.5387709052313205
16.32992534733555,303.2751475675955,79.01880617854903,Peaty,Stormy,Rice,7.738982192503787
29.82241298580118,101.04581101064669,62.89978795017858,Loamy,Cloudy,Wheat,7.314714932845458
26.489462263598238,692.1613416941319,59.90026464772514,Silty,Sunny,Wheat,4.74702231659658
31.83657553516544,62.291798130062695,55.14578644165963,Clay,Cloudy,Wheat,2.1527935948298067
17.79544753252579,509.4221281497897,43.284742947718286,Silty,Stormy,Soybeans,7.518329978502929
30.905346237197804,996.6968538529768,51.41176817468495,Silty,Stormy,Barley,9.563958884476001
19.032546400954892,813.9702695060188,52.33018174890123,Loamy,Stormy,Rice,7.056960975325211
18.27311885731409,615.2194382310109,64.20385348551008,Peaty,Sunny,Corn,5.482341793501073
18.285315958619858,306.2536207866117,77.3722203298347,Sandy,Stormy,Barley,6.201231152893027
31.29149440462764,623.8958362916385,63.69049141989733,Silty,Sunny,Corn,3.5970304612793402
28.303944413924,527.0414639116516,42.89222247235803,Peaty,Cloudy,Barley,8.0043533100299
25.461308495382386,426.08338389037146,87.8894900494102,Sandy,Stormy,Wheat,7.971358640078792
22.17660968247005,130.71037674019948,87.13621595470562,Silty,Cloudy,Soybeans,3.1641384030993995
32.544010816262166,886.6042152404667,79.25947715742042,Sandy,Rainy,Corn,9.023827059997274
22.84890214845271,449.7846488213225,89.56639507821103,Peaty,Cloudy,Barley,4.153517915786442
31.33198878943154,194.62251182076506,67.22411664001315,Clay,Rainy,Soybeans,9.858048487492919
23.78269817140437,367.7593508772896,88.13841751266031,Peaty,Cloudy,Corn,5.063224112297966
22.538888588498153,414.12975252892704,43.78025203083754,Loamy,Sunny,Rice,3.423072469875997
24.25359571339213,827.5378955668743,58.28403741306857,Sandy,Cloudy,Barley,4.813760890765218
21.02755748328284,733.6143805614021,51.26906340033829,Clay,Sunny,Rice,5.521442629577545
29.952187603525022,769.3048936413398,49.7916542067135,Sandy,Sunny,Wheat,2.5544621843063586
25.054407801849585,11.031264428647214,47.0401474446338,Sandy,Stormy,Rice,6.625747049786316
19.644253902936345,416.1539981797615,71.12068207829984,Silty,Sunny,Rice,6.781059518951203
32.991491465491364,481.3441516353236,79.06609278736525,Loamy,Rainy,Barley,7.911443642795778
22.67782442746423,19.192276823056687,68.91491997101804,Sandy,Stormy,Wheat,2.2333591383259463
25.871057222279774,259.8132087450342,47.34813547941049,Peaty,Stormy,Rice,6.329905715470641
33.12944221929094,760.289823122135,80.55618849667354,Peaty,Cloudy,Soybeans,2.423259466165315
27.484759918279842,137.10970572899905,71.79773535818643,Silty,Sunny,Corn,7.6091537597332275
17.337960814167282,535.3101314525917,59.408285306349775,Loamy,Sunny,Rice,2.445823885607876
33.796642472269504,215.20187201723752,73.70651477680315,Loamy,Rainy,Wheat,9.293822786733061
27.554161061428356,12.120774643893274,52.995248962141645,Peaty,Cloudy,Rice,7.616660535075972
21.698112293141723,241.20145759954147,57.25961042471053,Clay,Cloudy,Corn,6.059118120681257
17.785441453267744,975.8737549100538,85.87429215659951,Silty,Stormy,Wheat,5.5320313862493995
30.88050378540592,801.5371118829896,54.52522528357102,Silty,Stormy,Barley,3.045381043306099
27.40145511857027,959.5766443210334,63.49941340789683,Peaty,Stormy,Wheat,4.327995116517305
25.66922183952643,487.85404392636246,84.50705686980073,Peaty,Rainy,Barley,8.95167284016717
32.87785166101915,109.73619867750351,75.38606751337637,Clay,Rainy,Wheat,9.235622492499951
30.771944224490614,547.9594889736929,43.110161308235135,Clay,Stormy,Corn,2.0059816669642485
18.033497594655024,454.3773345599609,47.36515221394852,Loamy,Cloudy,Corn,6.75309113182041
21.234441355910967,844.357082739616,40.392079538595844,Silty,Rainy,Wheat,7.754404872200909
19.969782796289316,98.08258078424458,71.54608951145818,Silty,Cloudy,Rice,6.94997585966085
29.878925851453538,488.2411370217782,62.38367127052092,Peaty,Cloudy,Corn,2.653438118930832
15.670648694715588,150.04866469398425,46.713742545113774,Loamy,Sunny,Barley,3.7417991903912178
26.39779369742633,324.67592689006,87.89670605283852,Silty,Stormy,Barley,4.002722139051088
30.24917371481381,737.3570773877997,66.482986197281,Loamy,Sunny,Soybeans,8.653797050440717
32.53531273523499,476.01812936876655,52.09466470564446,Loamy,Stormy,Barley,5.705595490471364
21.841634974318147,375.8882851457693,65.03017855773538,Peaty,Stormy,Soybeans,5.894625695529895
31.425146093440258,394.47627857003533,73.98101663675538,Loamy,Cloudy,Wheat,9.479144372436068
17.212634739104146,459.44676840598663,43.81196089867822,Clay,Stormy,Wheat,7.096687110837724
31.929045834690363,785.0165438370569,53.7351907523946,Clay,Cloudy,Wheat,9.18934161242131
17.54977324663965,892.0846889402344,80.34827454419968,Sandy,Cloudy,Rice,5.652070842732264
22.945745811207345,955.3346865039283,62.98324352013306,Peaty,Stormy,Rice,3.195490068146354
30.94590731559107,786.9033862552951,67.32885710161474,Sandy,Cloudy,Soybeans,9.439484752592685
17.998348546975475,315.40689574801274,61.640800110473464,Clay,Cloudy,Barley,5.669640925340306
19.58502790465283,688.1347060865421,42.194997132150256,Sandy,Cloudy,Barley,3.453051375030575
29.445051367861325,437.6031240553919,48.2874889910078,Peaty,Rainy,Wheat,4.419165922431378
29.400730730921488,254.67062204605116,62.27708193709454,Peaty,Cloudy,Corn,2.406420717511538
27.822952657705947,840.8715794259226,50.459273270396395,Loamy,Rainy,Rice,5.746404731651081
28.878968889342,38.426348962324994,42.49895143298394,Silty,Rainy,Rice,8.825025375281893
25.854488866951925,901.7619921354235,82.18248320259119,Loamy,Cloudy,Wheat,9.468643648053515
20.035981178139053,461.4774646247342,89.0596264582058,Peaty,Cloudy,Rice,9.46081766002915
21.913919870078388,637.2014768082804,79.65714369983698,Clay,Rainy,Wheat,3.001840205029974
18.631954336028514,659.3539222057827,82.68924608523335,Clay,Rainy,Soybeans,5.056431060088456
33.169011226672566,895.1177407065363,52.09885651585227,Loamy,Cloudy,Barley,2.225830077205651
26.66783589532241,636.6696821672073,88.03134877565998,Peaty,Cloudy,Corn,8.841322759771781
23.017028335272798,613.9335847600618,49.84628522267142,Clay,Stormy,Barley,4.87004609617019
24.240116072882653,66.65204056068997,87.57149051809162,Peaty,Rainy,Barley,7.048936223137878
33.94566679223631,518.408021945204,89.74096469829755,Clay,Rainy,Soybeans,7.719187504618309
18.067028062321604,150.16900081704165,75.58614028730244,Peaty,Stormy,Rice,5.438757357945243
26.724596640335946,737.4337687214855,89.0571865895911,Sandy,Rainy,Corn,4.451538692401944
25.11777357768932,512.2219208126745,68.47698897835518,Peaty,Sunny,Rice,9.697703280927557
27.22908470869296,680.2277792083534,52.97708915880452,Peaty,Rainy,Barley,9.715905800190834
15.36220367641681,41.67290060238427,61.84979428328104,Loamy,Stormy,Wheat,4.315490944240175
32.44247817888303,84.79201604580322,69.6780467689393,Sandy,Sunny,Barley,5.837000773955665
33.64236564967224,716.3233880626823,43.65407810135075,Silty,Cloudy,Rice,9.782753269280178
26.30266367178418,72.08433599867337,71.1171632308623,Loamy,Stormy,Barley,2.038947261244026
28.933016477537844,71.2567277652586,89.05889183811473,Silty,Stormy,Wheat,5.301425987033194
33.449987623545915,12.10847523488745,49.50538248918638,Clay,Cloudy,Soybeans,2.8036603974477474
29.14477268626797,956.5013982994801,79.62975581441916,Silty,Stormy,Rice,6.073263724500821
18.050780858285226,737.5083594590069,85.39493968898097,Peaty,Rainy,Barley,2.197359636323897
26.525767203336265,353.2514085020642,87.18507964101104,Silty,Cloudy,Rice,5.255187451125023
27.13430092765712,296.53558128765525,88.00678022027236,Loamy,Stormy,Soybeans,3.765592598282681
23.48261342604772,349.70322974584957,66.0729819360736,Loamy,Cloudy,Barley,6.266466899669926
29.728884712494455,774.6535311811818,88.86539539957519,Silty,Cloudy,Barley,9.967949192805598
33.687340295380295,661.3706110704144,77.86551035672194,Loamy,Cloudy,Rice,8.404288841013981
33.51137025813553,185.19556786746793,48.083571811848095,Loamy,Sunny,Rice,8.765136732995371
24.016787428082644,174.10933533408434,63.845005323398496,Silty,Stormy,Wheat,7.082119898872647
17.264760916815106,98.39564971339732,75.9165587686002,Sandy,Sunny,Soybeans,2.3324787861780685
34.69682397924669,660.3027197013381,52.36701579095417,Sandy,Stormy,Wheat,3.654381408353153
31.777961728918683,764.3726622217359,72.03075917744437,Clay,Rainy,Barley,9.40051645157644
17.493253624065336,265.046428325004,73.33002395233096,Loamy,Rainy,Rice,4.92890494343001
33.416837652347446,20.94496103091281,48.13498719042829,Silty,Rainy,Barley,2.8290938118463647
32.39792724124257,82.17166747642734,68.25426562263782,Loamy,Stormy,Barley,7.619242926929616
25.376761142521442,967.8600348450304,78.58134554893039,Peaty,Cloudy,Corn,4.395661791474037
26.825508714898586,295.44477747742025,64.9447832267971,Loamy,Cloudy,Corn,4.1508553032333735
22.980054077402606,769.2231478381336,40.60515583880537,Loamy,Sunny,Barley,9.983819644466083
16.095232776440625,624.6635688542638,40.45192345396461,Sandy,Sunny,Rice,8.865111400213234
21.70394483291802,381.9396396528959,57.85146719850061,Silty,Rainy,Barley,5.263502546942728
31.057068971960227,205.68726219555512,86.30970342158909,Loamy,Sunny,Corn,9.842089662531993
15.092640460092056,121.38641815940643,51.43383898018044,Sandy,Stormy,Rice,7.200905787353709
21.669983433822885,615.0129680388666,71.71818444358436,Clay,Stormy,Barley,7.936179615038082
22.963373871818867,774.6337806377879,51.103793534666025,Sandy,Sunny,Soybeans,2.2521043446576927
25.74791205875846,643.9042535411306,56.08349948297743,Sandy,Sunny,Soybeans,2.972842074784457
33.39711232825521,530.3021332491583,82.4021044800742,Sandy,Sunny,Barley,7.064681011969907
21.926919887319226,41.951223431636265,76.44307211349735,Loamy,Sunny,Rice,9.192191861195871
21.939064037924553,968.4887775943838,44.76996386566053,Loamy,Rainy,Barley,6.989949808700765
29.750024962194967,798.7141916545746,61.43510104932168,Clay,Rainy,Barley,3.0721991545519343
24.044358817796144,292.82203670096476,41.458488182263224,Peaty,Sunny,Corn,2.926080369970597
19.49209645879964,979.9703293588507,64.04450733015045,Peaty,Stormy,Soybeans,8.753487166592652
24.04879032265387,601.8815896363221,73.1217005850534,Peaty,Rainy,Corn,3.1144187096633145
17.817140407595996,582.4226582072465,45.92513117990758,Clay,Stormy,Corn,6.161855684032203
18.527739730124466,748.0731794295322,54.44424694545828,Peaty,Cloudy,Barley,2.296906559698418
24.967355454789594,811.7697880901376,59.89183127510785,Peaty,Stormy,Corn,2.645358139129419
23.378508990090957,656.4786073315026,85.97655123280248,Sandy,Sunny,Soybeans,7.3787861411429185
33.296918021362,128.09574636620002,89.66275077114821,Loamy,Cloudy,Corn,7.5134512834201335
22.24787798233266,338.2675059944984,42.24556494978079,Loamy,Rainy,Soybeans,4.731755252867539
26.61176700556087,928.0836403260497,78.0503961747696,Sandy,Rainy,Corn,3.724878121944358
27.645285758390607,224.61561184385192,58.586203320117164,Sandy,Cloudy,Soybeans,8.509682166058465
15.261889131766672,372.16702383751334,59.622909311474004,Sandy,Stormy,Corn,3.736825835759123
28.270747440334212,432.076882944196,77.71324866735114,Loamy,Rainy,Corn,6.336216557331038
18.560719337395028,439.4049896944522,85.92132160727044,Peaty,Sunny,Rice,9.745670726903244
34.2214063493891,612.9395824945256,87.54642972512741,Sandy,Cloudy,Soybeans,3.1828195028990702
17.973254555062258,943.0758377447077,68.85612930191604,Clay,Sunny,Soybeans,9.527010139957671
23.292482474540474,240.69271183250495,57.856057965025144,Sandy,Cloudy,Soybeans,3.4631444245493492
16.706993361572877,121.50137630091807,79.37745429293896,Silty,Rainy,Wheat,6.5395456641858365
34.93748503691894,197.47048985993732,52.55006916311501,Sandy,Stormy,Corn,5.016061695669957
25.04390020662485,886.9249002092695,68.20370144167589,Loamy,Cloudy,Soybeans,9.719428812014607
26.907700346400876,645.8108126552061,57.92892307624366,Sandy,Cloudy,Wheat,4.188336232015495
16.34152954776855,285.9067892391601,72.8315536853938,Silty,Sunny,Rice,5.197264016686029
29.999209407983557,815.9469389686172,52.019945644675346,Clay,Rainy,Soybeans,9.862880942843365
19.198111861911716,861.369996363436,49.57964728674129,Peaty,Sunny,Soybeans,6.291763129507785
32.96108578881427,846.514338690278,85.91195433377186,Sandy,Rainy,Wheat,6.021040924970028
19.102792809640142,918.9265336395545,45.09018414747685,Silty,Sunny,Corn,4.06222790563193
18.81375441327333,252.2410201733616,65.29789538674657,Silty,Cloudy,Rice,7.610908482483532
15.730993356961898,755.0419287462782,51.04263914815044,Clay,Sunny,Soybeans,2.114983614222221
24.441338902199984,460.53949727414,41.94649816628337,Loamy,Stormy,Corn,2.3961010376183483
26.29682266525233,841.9985528900615,41.80094091457132,Sandy,Rainy,Rice,6.794868697086422
16.31417278856705,728.4906771616132,48.76108860529136,Silty,Rainy,Barley,4.733396590547633
30.51055233390021,776.4474464997246,83.33851772530002,Clay,Cloudy,Barley,9.626530977607684
24.065776694960554,656.1618376810715,54.12393719885134,Peaty,Rainy,Rice,9.225525525782285
25.4878053865516,177.42876946970688,87.52295852876479,Silty,Stormy,Wheat,7.709650069413658
23.81525493876456,545.0269188969384,69.08111464945968,Clay,Sunny,Rice,8.54516464902241
23.01526121750652,984.6697395245083,61.8307094884383,Loamy,Cloudy,Rice,7.338654797341547
26.19280662616436,937.3880664971189,69.00444173347273,Loamy,Stormy,Wheat,3.0046568216812855
18.10480491861425,43.17373579701167,65.83491926131339,Silty,Rainy,Wheat,8.124346957513621
18.63856260990542,164.81481572943713,77.93881268786626,Silty,Rainy,Corn,3.681535749750771
32.235712420270346,131.72877345456192,54.12480329864261,Sandy,Stormy,Corn,4.587542840801574
33.922309242672654,725.9799099852955,57.652519580015124,Clay,Sunny,Wheat,8.553873696819362
22.46618632559506,817.785329856945,84.70471512666253,Silty,Sunny,Barley,6.292204867147586
20.414893462871078,213.51136631067192,87.32282565752027,Sandy,Cloudy,Barley,8.879525713467274
27.879990864780314,505.852692951829,84.62791137432373,Sandy,Rainy,Rice,3.7042825587461135
23.17468342196193,840.7030280112,60.97239969786568,Silty,Stormy,Soybeans,6.8622275088550975
15.507727113206897,732.8015447662506,79.01827515034408,Loamy,Sunny,Rice,2.670327780386093
18.12305194732381,542.2372054918483,63.81678666505494,Clay,Cloudy,Rice,7.144487948320237
29.31944457694795,590.347690458773,64.87699260730511,Clay,Rainy,Soybeans,8.100272302204278
28.178478838203027,508.36054691628,50.234005452864196,Loamy,Rainy,Wheat,6.679447151829773
15.54191985006967,297.5484513188206,69.55651516292582,Silty,Cloudy,Barley,4.129852011990482
19.43944323865899,565.0219928590161,49.306794887667394,Clay,Cloudy,Rice,2.2507413508709337
19.62149593176143,688.8853020500907,56.57823495335969,Silty,Sunny,Soybeans,2.955591071714286
28.43785487197457,873.3229158608077,82.75151008099675,Silty,Stormy,Corn,6.97842383259221
15.394210755087283,636.2913539792481,50.35379046054276,Sandy,Rainy,Rice,9.47536173474011
17.082171639691477,761.121537043158,43.557914258671644,Loamy,Stormy,Barley,3.652275231776051
30.998321707463788,160.071634954573,43.45037963064082,Silty,Rainy,Wheat,7.88020919284079
18.570893241086672,461.5574744197899,87.03922602515539,Peaty,Rainy,Rice,8.931608505992333
28.054922157037495,9.331619827093295,65.34602189809173,Loamy,Stormy,Rice,6.1670574275800885
19.76365562093453,246.678864521623,60.470603590850914,Clay,Cloudy,Soybeans,7.354126366749262
16.988827855186905,726.4617151130049,80.54392905039592,Sandy,Sunny,Corn,8.520122533409186
19.86344381998908,991.8099513493635,81.79129639552579,Clay,Rainy,Corn,4.085401261924749
29.44533863711318,99.17809958721591,56.60955165578023,Clay,Cloudy,Wheat,4.375165394144344
32.11392936212572,401.49431586128827,74.68090287368976,Loamy,Rainy,Barley,2.0050201330276494
31.604397291339833,800.0709686991595,78.55614079259433,Clay,Sunny,Wheat,9.70475304718242
22.943670592369095,204.03563462889883,72.73253434329773,Silty,Rainy,Rice,9.34035915677076
28.361702731412922,555.0849493022862,47.57975374000497,Clay,Sunny,Rice,8.116546110075443
19.09968590831642,733.0712960296748,83.79415417585285,Sandy,Sunny,Corn,2.632608167813185
20.862954605220267,615.985450260179,66.95472763680044,Sandy,Rainy,Barley,5.580023117596065
32.9267163704224,188.02473461541612,54.123621318500184,Peaty,Rainy,Soybeans,2.8151340317724225
15.26003847021472,355.3845686857394,61.261409271884695,Sandy,Sunny,Barley,2.127362138102389
16.71017061708936,783.7917844853972,41.87855451994537,Clay,Cloudy,Rice,6.929463721700778
19.157725102920544,554.2265141320166,46.39334006112088,Sandy,Stormy,Soybeans,9.686635336641508
15.530644077476394,5.229613542912737,78.27733752579304,Loamy,Sunny,Barley,9.222944187457202
18.628708701795947,760.9907600280939,40.00058173776831,Sandy,Rainy,Barley,7.574038519483235
26.66083121939384,35.31135494023907,60.82829142411461,Silty,Rainy,Soybeans,2.7731246733189714
23.428491011849957,745.7337827312322,66.12550905427942,Loamy,Cloudy,Rice,4.193312301378401
32.8534342215395,202.48056016523742,42.731721000048616,Peaty,Stormy,Barley,4.560453815082328
31.34887123476882,958.0734801193802,88.65390814861664,Silty,Sunny,Soybeans,8.10520046196449
21.83634703395752,367.9407513020845,51.3062665624836,Clay,Sunny,Rice,8.417993433880913
20.188468668625852,326.9316163380791,55.20993598181404,Clay,Stormy,Soybeans,5.080848983919363
22.59384816334534,148.88805033244466,55.197125612751364,Clay,Sunny,Soybeans,5.343071972940877
26.805898850296153,305.60421549021487,51.520833105867496,Silty,Stormy,Barley,2.3560723142093707
20.361272816457525,876.6507618282005,40.07369110431557,Silty,Rainy,Rice,4.313093747350088
27.482978156982682,996.3343376272474,76.46723970439982,Silty,Stormy,Barley,5.6102814174211195
23.18823304382481,368.3095305068483,88.34227498996427,Loamy,Sunny,Wheat,2.9358643710820607
26.040943617039606,448.61063095454256,51.21467416425225,Loamy,Stormy,Wheat,5.626139686040171
23.722530582706334,722.070938202737,73.15235959017113,Clay,Cloudy,Rice,8.825406498062403
20.889315190838353,886.1957804650746,77.09481634793576,Sandy,Rainy,Soybeans,6.650568157800427
33.96906613924313,593.0443341867841,82.42126895452623,Clay,Rainy,Barley,2.6314388403072986
30.272115883195216,391.5256981778293,61.13145985068046,Peaty,Stormy,Barley,3.5333705506421946
17.802263515329052,412.6218408486237,55.146545282021464,Loamy,Sunny,Rice,5.79635480126845
32.36935951795826,695.6181464968068,56.264756701151555,Silty,Cloudy,Rice,4.891897198574497
24.748623964990273,3.2182636042786816,75.63106665492563,Loamy,Rainy,Wheat,4.86981615636879
32.891044537881825,619.5893374598406,80.8389733252818,Silty,Rainy,Corn,6.234139585148721
30.997105118946305,355.4930104413574,49.08069838783013,Peaty,Sunny,Rice,6.675167372715659
23.50427008938467,794.1973312770842,58.547050407888264,Peaty,Sunny,Corn,8.374892562209528
15.449386166402348,92.99063982313216,85.0970098374575,Loamy,Cloudy,Rice,4.727732507699877
20.37354718769892,588.2022669483905,80.33467598473696,Silty,Stormy,Soybeans,8.443730264324694
25.83268429321734,480.97288988612377,89.2429201381238,Peaty,Sunny,Soybeans,4.70888983290106
27.669564396522944,642.3255259052274,77.71241298410403,Clay,Stormy,Wheat,2.4434639115298706
20.157753708664046,64.85359448296835,59.65976005139611,Clay,Cloudy,Wheat,6.433501208038329
17.78712148145648,579.9837874281313,69.53189169973189,Silty,Stormy,Corn,6.703218599158516
31.69860473598598,561.4845879595238,73.05071271236602,Loamy,Rainy,Rice,9.47632196497488
34.68804361407104,560.660094416171,43.922790815856196,Peaty,Stormy,Barley,7.808490608499795
25.513803646053717,603.4876665964548,67.22484795519325,Loamy,Cloudy,Wheat,9.342181219955517
18.43358571696607,676.4679372263622,75.46604142363049,Clay,Cloudy,Barley,9.266777681944077
20.44614653038738,804.9889996807698,48.366065200053015,Peaty,Cloudy,Barley,6.836592882065937
15.367813530949334,269.82072012821436,79.03158587127785,Loamy,Stormy,Rice,6.22209652269158
33.28597613120998,825.0494101800621,69.18863902570558,Sandy,Rainy,Corn,6.459527737308799
17.355021657802823,498.25568226345365,87.61108928487974,Silty,Sunny,Rice,9.826646461417983
26.53032951028507,77.05827913433116,42.12111491034459,Silty,Rainy,Wheat,8.18534153397567
20.48110441374412,58.5509292439792,53.266306877773346,Sandy,Stormy,Barley,2.8501272383391667
26.083560050315867,334.2383186960608,70.0776939649912,Clay,Stormy,Rice,8.2274272542512
28.028407767037287,784.8969771114675,54.82799561029653,Peaty,Sunny,Rice,3.364304391185807
31.594836074144034,707.6809347409157,75.72120820356211,Silty,Stormy,Rice,5.578804392045005
19.128425435212066,788.6149646724065,77.95026412609656,Sandy,Cloudy,Wheat,3.683677377412274
15.219916573169609,517.2690564416093,45.125798203323725,Sandy,Cloudy,Corn,7.516664524265838
17.737712601376145,440.19899795549054,65.69272321033839,Clay,Cloudy,Rice,9.018477889544286
33.0003728369621,147.45252670628395,65.4445277795528,Clay,Cloudy,Wheat,4.322895082933448
32.47780155125031,328.1927536093115,58.46403851077706,Loamy,Cloudy,Barley,2.656085929665501
26.948262043406167,434.01936617387526,86.6462431284836,Silty,Stormy,Soybeans,4.387944784599706
27.010337208673068,88.60042967961724,81.37531599366106,Loamy,Sunny,Wheat,7.378894863457555
28.30073349092511,220.61195271121125,74.86046909548185,Sandy,Sunny,Soybeans,4.6300810204355995
18.507425572468993,598.2252940637388,75.71633178674988,Peaty,Cloudy,Rice,4.224897340430427
33.2882389184992,735.6631142391899,63.085807190655956,Peaty,Stormy,Rice,3.4754815246741195
23.375410497841465,998.3475113929496,86.0497260548288,Clay,Rainy,Wheat,5.980131414995468
22.66277056498995,933.1133313435577,74.72977136266427,Peaty,Rainy,Soybeans,4.207590625257501
25.37835410565675,642.5651995351915,76.44905308279081,Peaty,Stormy,Rice,7.848082793115865
15.9393193355011,421.248053294072,83.08454518936726,Peaty,Cloudy,Barley,2.6129792159376217
18.32566737512159,636.1773647082327,53.70357946710955,Sandy,Sunny,Corn,7.3122642648905405
29.76067232852741,785.651618080232,80.35354519333515,Peaty,Stormy,Corn,3.900480116542159
16.65597335850253,118.33619092338732,49.7620301478246,Peaty,Rainy,Rice,5.914234088412825
27.063042189327764,409.90488969628825,57.26709761224439,Peaty,Rainy,Soybeans,4.288719376250085
19.90698219362642,839.8022856356172,56.78052271349213,Loamy,Rainy,Rice,7.782149408086365
22.785912280839533,383.832951933044,88.92627341945703,Sandy,Cloudy,Soybeans,9.562456322013094
20.773874735413997,571.8722712271865,82.82686118739633,Clay,Rainy,Barley,9.336614235758507
22.113454329298982,587.7693608621983,75.05849307951298,Loamy,Stormy,Soybeans,6.667409721152729
29.38091810368491,184.47625313363935,76.35283808076952,Silty,Stormy,Rice,5.700882426055827
20.9424343124635,362.2354416522884,68.10363972012856,Sandy,Rainy,Barley,8.546404075515055
26.328092805937942,334.51128874193216,87.35453335542596,Sandy,Stormy,Wheat,7.4666109010218396
24.521008043981993,26.196708532064793,64.81293764411808,Silty,Rainy,Corn,3.468512913735463
28.273423307252962,24.191763891355244,59.02588549349473,Silty,Rainy,Rice,8.567353708904001
33.73659478649516,831.6970436757734,48.15176684657955,Silty,Sunny,Rice,5.4310751151576815
29.651441944205004,273.0708099728124,79.31028261305289,Clay,Cloudy,Rice,3.511885279769401
19.298807571815136,518.0787662388154,76.72219660377957,Peaty,Cloudy,Barley,4.25437880317194
15.623662701225694,298.72557358877305,59.217751926206745,Sandy,Sunny,Wheat,4.140216241986739
20.2452808859965,940.6792451153406,41.25967069796147,Peaty,Sunny,Soybeans,6.153655796827681
26.901558614005097,259.29675886577377,81.94986638590053,Peaty,Cloudy,Wheat,3.874960725423004
16.028516269685007,429.65681273893506,40.57089917270368,Silty,Rainy,Barley,2.9885318992126093
24.927324944024726,872.7302504846018,75.18498898145255,Clay,Rainy,Rice,2.989526804910086
26.936856978337786,841.9335667918086,88.51285548630285,Loamy,Cloudy,Corn,6.666209577112773
21.684877816339217,186.10141784627731,61.88306640741017,Clay,Rainy,Rice,7.878074310795029
30.418244074916437,802.6433097957104,51.74867024979764,Peaty,Sunny,Soybeans,4.572264070706726
17.131965062675437,458.1868867378927,75.24355050216909,Clay,Rainy,Corn,2.2772056785121366
16.502755634716173,482.9688720853552,80.85640710077925,Silty,Rainy,Rice,3.017799095496086
29.563775124072066,133.4799724159438,67.32151580389237,Loamy,Stormy,Corn,9.317556482696457
24.90982632412397,80.60151375712465,88.35176376280731,Silty,Stormy,Wheat,5.948349276715624
28.768047928554722,727.9393069737652,42.583436082898054,Loamy,Stormy,Barley,5.628582476921398
23.696546772074925,496.46115235529976,65.2397799152264,Peaty,Rainy,Rice,2.3043934264807273
19.928040664782138,436.85070261517956,75.9226973661275,Loamy,Cloudy,Soybeans,7.829096178535193
31.382046353483993,729.5082286523967,83.13202355745895,Loamy,Sunny,Wheat,6.224544647456631
30.988317579379583,765.5128989911098,48.9627805953895,Loamy,Rainy,Rice,3.6166474886921662
28.893929417088536,158.90816766935356,80.00017408818407,Clay,Cloudy,Wheat,2.8805900814484575
20.44290274459925,610.2251494776413,67.63535378592726,Clay,Rainy,Soybeans,5.067102909055988
26.804613337381742,135.35408227768554,59.82768409949816,Peaty,Sunny,Rice,8.697295713560205
22.219477938800537,751.3750860290456,46.58575142895468,Loamy,Rainy,Soybeans,8.922356473608197
16.831641466532684,656.9551562671395,83.26478794544562,Sandy,Sunny,Corn,6.822771043165091
33.34627150924486,956.6146210834579,47.863660408985766,Peaty,Rainy,Soybeans,7.820291417841141
17.736372618379228,68.95801635642118,55.489392960454964,Loamy,Sunny,Corn,2.921246299222963
34.00474707641605,57.05472115125432,54.502276598121846,Loamy,Rainy,Rice,6.705008523742839
23.920115459159113,282.18707469320015,83.57070170954272,Clay,Sunny,Corn,7.335725627897454
